id,Fecha,Dia_Semana,type,url,street,city,postalCode,raoSocial,latitude,longitude,minutsLatitude,minutsLongitude,RENTADOR,CANVI,SUPER,LAVABO,PARKING,VENDING,GASOIL A,GASOLINA S/P 95,GASOLINA S/P 98,ADBLUE
A,23-03-21,Tuesday,BENZINERA,https://www.bonarea.com/benzinera/A,"CR L-313 KM 14,5",GUISSONA,25210,E.S. bon¿rea Guissona A,41.78194,1.27805,41∞ 46' 54'',1∞ 16' 40'',1,1,1,1,1,1,1.038,1.179,1.217,
G002,23-03-21,Tuesday,BENZINERA,https://www.bonarea.com/benzinera/G002,POL. IND. EL SEGRE PARCELA 201,LLEIDA,25191,E.S. bon¿rea Lleida fabrica G002,41.615747,0.648654,41∞ 36' 56'',0∞ 38' 55'',,,,,,,1.04,,,0.35
G004,23-03-21,Tuesday,BENZINERA,https://www.bonarea.com/benzinera/G004,Crta. de Vic s/n,MOIA,8180,E.S. bon¿rea Moi‡ G004,41.8082127,2.0979496,41∞ 48' 29'',2∞ 05' 52'',,,,,,,1.037,1.178,,0.35
G005,23-03-21,Tuesday,BENZINERA,https://www.bonarea.com/benzinera/G005,"CTRA. DE MONTBLANC C-240,KM 69",VERDU,25340,E.S. bon¿rea Verd˙ G005,41.61,1.13,41∞ 36' 36'',1∞ 07' 48'',1,,,,,,1.038,1.179,,
G006,23-03-21,Tuesday,BENZINERA,https://www.bonarea.com/benzinera/G006,Crta de Pallargues s/n,LES PALLARGUES,25212,E.S. bon¿rea Pallargues G006,41.759728,1.197853,41∞ 45' 35'',1∞ 11' 52'',,,,,,,1.038,,,0.35
G010,23-03-21,Tuesday,BENZINERA,https://www.bonarea.com/benzinera/G010,"A VERGE DEL CLAUSTRE,32",GUISSONA,25210,E.S. bon¿rea Closa G010,41.78818,1.28653,41∞ 47' 17'',1∞ 17' 11'',,,,,,,1.038,,,0.35
G011,23-03-21,Tuesday,BENZINERA,https://www.bonarea.com/benzinera/G011,Crta.de Satago s/n,BUJARALOZ,50177,E.S. bon¿rea Bujaraloz G011,41.47596,-0.15314,41∞ 28' 33'',-0∞ 09' 11'',1,1,,,,,1.044,1.185,,0.35
G013,23-03-21,Tuesday,BENZINERA,https://www.bonarea.com/benzinera/G013,Cl/PONENT  S/N,PONTS,25740,E.S. bon¿rea Ponts G013,41.90676,1.19335,41∞ 54' 24'',1∞ 11' 36'',1,,,,,1,1.039,1.179,,0.35
G014,23-03-21,Tuesday,BENZINERA,https://www.bonarea.com/benzinera/G014,Pl.ind. El Segre parc 202,LLEIDA,25191,E.S. bon¿rea Lleida G014,41.615767,0.649495,41∞ 36' 56'',0∞ 38' 58'',1,1,,,,1,1.04,1.181,,
G015,23-03-21,Tuesday,BENZINERA,https://www.bonarea.com/benzinera/G015,Pol.Ind.Navesma / Avda.Generalitat 10,AGRAMUNT,25310,E.S. bon¿rea Agramunt G015,41.782403,1.104783,41∞ 46' 56'',1∞ 06' 17'',1,1,,,,1,1.038,1.179,,0.35
G016,23-03-21,Tuesday,BENZINERA,https://www.bonarea.com/benzinera/G016,Pol.Ind.Les Garriges Parcela 24,CALAF,8280,E.S. bon¿rea Calaf G016,41.73321,1.52683,41∞ 43' 59'',1∞ 31' 36'',1,1,,,,1,1.037,1.178,,0.35
G017,23-03-21,Tuesday,BENZINERA,https://www.bonarea.com/benzinera/G017,"Ctra N240 Km,71","BORGES BLANQUES, LES",25400,E.S. bon¿rea Borges G017,41.53298,0.84249,41∞ 31' 58'',0∞ 50' 32'',,1,,,,,1.04,1.181,,0.35
G018,23-03-21,Tuesday,BENZINERA,https://www.bonarea.com/benzinera/G018,Pol.Ind.Pont Cremat Parcela 2,ARBUCIES,17401,E.S. bon¿rea Arb˙cies G018,41.81048,2.531533,41∞ 48' 37'',2∞ 31' 53'',1,,,,,1,1.038,1.179,,
G019,23-03-21,Tuesday,BENZINERA,https://www.bonarea.com/benzinera/G019,Carretera LV-3003,TORA,25750,E.S. bon¿rea Tor‡ G019,41.807665,1.403707,41∞ 48' 27'',1∞ 24' 13'',1,1,,,,1,1.038,1.178,,0.35
G020,23-03-21,Tuesday,BENZINERA,https://www.bonarea.com/benzinera/G020,"Ctra C14 KM 82,6",PALAU DE NOGUERA,25633,E.S. bon¿rea Palau de Noguera G020,42.147299,0.89343,42∞ 08' 50'',0∞ 53' 36'',1,1,,,,1,1.042,1.182,,
G021,23-03-21,Tuesday,BENZINERA,https://www.bonarea.com/benzinera/G021,"Av Urgell, S/N",CERVERA,25200,E.S. bon¿rea Cervera G021,41.67326,1.263621,41∞ 40' 23'',1∞ 15' 49'',1,1,,,,1,1.038,1.178,,0.35
G022,23-03-21,Tuesday,BENZINERA,https://www.bonarea.com/benzinera/G022,"POLIGON INDUSTRIAL CAMPLLONG, C/ MISTRAL, 19",BALAGUER,25600,E.S. bon¿rea Balaguer G022,41.775252,0.818789,41∞ 46' 30'',0∞ 49' 07'',1,1,,,,,1.039,1.18,,0.35
G024,23-03-21,Tuesday,BENZINERA,https://www.bonarea.com/benzinera/G024,"Crta L800 Km 1,85",ALCARRAS,25180,E.S. bon¿rea Alcarr‡s G024,41.57762,0.51669,41∞ 34' 39'',0∞ 31' 00'',1,1,,1,,,1.041,1.182,,
G025,23-03-21,Tuesday,BENZINERA,https://www.bonarea.com/benzinera/G025,"Pg Industrial les Eres, Parcela 7","ESPLUGA DE FRANCOLI, L'",43440,E.S. bon¿rea Espluga de FrancolÌ G025,41.40298,1.10438,41∞ 24' 10'',1∞ 06' 15'',1,1,,1,,,1.038,1.179,,
G026,23-03-21,Tuesday,BENZINERA,https://www.bonarea.com/benzinera/G026,"C/MATARO,CANTONADA SOT DELS PRADALS",VIC,8500,E.S. bon¿rea Vic G026,41.93972,2.24909,41∞ 56' 22'',2∞ 14' 56'',1,,,1,,,1.038,1.179,,0.35
G027,23-03-21,Tuesday,BENZINERA,https://www.bonarea.com/benzinera/G027,Pol.Ind ELS SALACONS P A1/A4,SORT,25560,E.S. bon¿rea Sort G027,42.409381,1.130549,42∞ 24' 33'',1∞ 07' 49'',1,1,,,,1,1.043,1.184,,
G028,23-03-21,Tuesday,BENZINERA,https://www.bonarea.com/benzinera/G028,CRTA C-12 CRUILLA C-233,FLIX,43750,E.S. bon¿rea Flix G028,41.23952,0.55105,41∞ 14' 22'',0∞ 33' 03'',1,1,,1,,,1.042,1.183,,0.35
G029,23-03-21,Tuesday,BENZINERA,https://www.bonarea.com/benzinera/G029,"Pol.Id. Plans de Jort,c/Lleida,parcela 4",MONTBLANC,43400,E.S. bon¿rea Montblanc G029,41.386742,1.156869,41∞ 23' 12'',1∞ 09' 24'',1,,,1,,,1.038,1.179,,
G030,23-03-21,Tuesday,BENZINERA,https://www.bonarea.com/benzinera/G030,"PG Ind. Els Colomers, C/ Lleida, 35",GOLMES,25241,E.S. bon¿rea GolmÈs G030,41.63032,0.91403,41∞ 37' 49'',0∞ 54' 50'',1,1,,,,,1.039,1.18,,
G031,23-03-21,Tuesday,BENZINERA,https://www.bonarea.com/benzinera/G031,"Pg.Ind.Camins Nou,Parc.1",MORA D'EBRE,43740,E.S. bon¿rea MÛra d'Ebre G031,41.084624,0.626256,41∞ 05' 04'',0∞ 37' 34'',1,1,,1,,,1.041,1.182,,0.35
G032,23-03-21,Tuesday,BENZINERA,https://www.bonarea.com/benzinera/G032,Ctra N-240 Km 133,BINEFAR,22500,E.S. bon¿rea BinÈfar G032,41.85528,0.28294,41∞ 51' 19'',0∞ 16' 58'',1,1,,1,,,1.043,1.184,,0.35
G033,23-03-21,Tuesday,BENZINERA,https://www.bonarea.com/benzinera/G033,"Pol. Ind. de Torrefarrera,C/Marinada S/N",TORREFARRERA,25123,E.S. bon¿rea Torrefarrera G033,41.664056,0.604624,41∞ 39' 50'',0∞ 36' 16'',1,1,1,1,1,,1.04,1.181,1.219,0.35
G034,23-03-21,Tuesday,BENZINERA,https://www.bonarea.com/benzinera/G034,"POLIGONO INDUSTRIAL SUB 7 BIS,PARCELA 2",FRAGA,22520,E.S. bon¿rea Fraga G034,41.525054,0.367624,41∞ 31' 30'',0∞ 22' 03'',1,1,,,,,1.041,1.182,,0.35
G035,23-03-21,Tuesday,BENZINERA,https://www.bonarea.com/benzinera/G035,"C/EUGENIO DE USANDIZAGA,38",MONZON,22400,E.S. bon¿rea MonzÛn G035,41.918749,0.186993,41∞ 55' 07'',0∞ 11' 13'',1,1,,,,,1.043,1.184,,0.35
G036,23-03-21,Tuesday,BENZINERA,https://www.bonarea.com/benzinera/G036,"CRTA D'ARTESA A TREMP,KM 51",VILAMITJANA,25620,E.S. bon¿rea Vilamitjana G036,42.141187,0.929836,42∞ 08' 28'',0∞ 55' 47'',1,1,,,,,1.042,1.182,,0.35
G037,23-03-21,Tuesday,BENZINERA,https://www.bonarea.com/benzinera/G037,POL.IND. CAN TRIAS,VILADECAVALLS,8232,E.S. bon¿rea Viladecavalls G037,41.562567,1.979034,41∞ 33' 45'',1∞ 58' 44'',1,1,,,,,1.035,1.176,,0.35
G038,23-03-21,Tuesday,BENZINERA,https://www.bonarea.com/benzinera/G038,P. I. les Gavarreres Avda. Madrid 38-44,ODENA,8711,E.S. bon¿rea Odena G038,41.577437,1.656985,41∞ 34' 38'',1∞ 39' 25'',1,1,,1,1,,1.036,1.176,,0.35
G039,23-03-21,Tuesday,BENZINERA,https://www.bonarea.com/benzinera/G039,AVDA. DE LA RAPITA 226,AMPOSTA,43870,E.S. bon¿rea Amposta G039,40.698883,0.579255,40∞ 41' 55'',0∞ 34' 45'',1,1,,1,,,1.041,1.182,,0.35
G041,23-03-21,Tuesday,BENZINERA,https://www.bonarea.com/benzinera/G041,CL SOTA EL BARRI DE LA CREU SANT PERE,JORBA,8719,E.S. bon¿rea Jorba G041,41.602843,1.539901,41∞ 36' 10'',1∞ 32' 23'',1,1,1,1,1,,1.036,1.177,1.215,0.35
G042,23-03-21,Tuesday,BENZINERA,https://www.bonarea.com/benzinera/G042,"AV.BERTRAN GUEL,17",GAVA,8850,E.S. bon¿rea Gav‡ G042,41.299974,2.008942,41∞ 17' 59'',2∞ 00' 32'',1,1,,,,1,1.034,1.175,1.213,0.35
G043,23-03-21,Tuesday,BENZINERA,https://www.bonarea.com/benzinera/G043,"Ptda. Santa Ll˙cia, Parcela 1",SOLSONA,25280,E.S. bon¿rea Solsona G043,41.985462,1.550053,41∞ 59' 07'',1∞ 33' 00'',1,1,,1,1,,1.039,1.18,,0.35
G044,23-03-21,Tuesday,BENZINERA,https://www.bonarea.com/benzinera/G044,"Polig. Ind Les Tapies II, pacel. 6A","HOSPITALET DE L'INFANT, L'",43890,E.S. bon¿rea Hospitalet de l'Infant G044,41.007028,0.911,41∞ 00' 25'',0∞ 54' 39'',1,1,,,,,1.039,1.18,,0.35
G045,23-03-21,Tuesday,BENZINERA,https://www.bonarea.com/benzinera/G045,"CTRA DE RIUDOMS,KM 2,2",REUS,43206,E.S. bon¿rea Reus G045,41.145601,1.085197,41∞ 08' 44'',1∞ 05' 06'',1,1,1,,1,,1.038,1.179,,0.35
G046,23-03-21,Tuesday,BENZINERA,https://www.bonarea.com/benzinera/G046,Autovia A-2 KM. 311,ZARAGOZA,50010,E.S. bon¿rea Zaragoza G046,41.63273,-0.983963,41∞ 37' 57'',-0∞ 59' 02'',1,1,,,,,1.047,1.188,,0.35
G047,23-03-21,Tuesday,BENZINERA,https://www.bonarea.com/benzinera/G047,"Poligon Ind. La Pedrosa, pacel. 5",MASQUEFA,8783,E.S. bonArea Masquefa G047,41.499528,1.822028,41∞ 29' 58'',1∞ 49' 19'',1,1,,,,,1.035,1.176,,0.35
G048,23-03-21,Tuesday,BENZINERA,https://www.bonarea.com/benzinera/G048,Carretera del Mig 146,"HOSPITALET DE LLOBREGAT, L'",8907,E.S. bon¿rea L'Hospitalet de Llobregat G048,41.353884,2.103526,41∞ 21' 13'',2∞ 06' 12'',1,1,,,,,1.033,1.174,,0.35
G049,23-03-21,Tuesday,BENZINERA,https://www.bonarea.com/benzinera/G049,"Carrer Estiu, 18-20",BADALONA,8918,E.S. bon¿rea Badalona G049,41.430277,2.2273888,41∞ 25' 48'',2∞ 13' 38'',1,1,,1,,,1.034,1.174,,0.35
G051,23-03-21,Tuesday,BENZINERA,https://www.bonarea.com/benzinera/G051,CL. DINAMARCA S/N,UTEBO,50180,E.S. bon¿rea Utebo G051,41.710885,-1.019607,41∞ 42' 39'',-1∞ 01' 10'',1,1,,1,,,1.047,1.188,,0.35
G052,23-03-21,Tuesday,BENZINERA,https://www.bonarea.com/benzinera/G052,"CL. SALLENT, 50",MANRESA,8240,E.S. bon¿rea Manresa G052,41.737297,1.841842,41∞ 44' 14'',1∞ 50' 30'',1,1,,1,1,,1.036,1.177,,0.35
G053,23-03-21,Tuesday,BENZINERA,https://www.bonarea.com/benzinera/G053,"CARRETERA BV-2005 KM4,7",TORRELLES DE LLOBREGAT,8629,E.S. bon¿rea Torrelles G053,41.365572,1.98513,41∞ 21' 56'',1∞ 59' 06'',1,1,,,,,1.034,1.175,,0.35
G054,23-03-21,Tuesday,BENZINERA,https://www.bonarea.com/benzinera/G054,"Avda. Barcelona, 26",TARREGA,25300,E.S. bonArea T‡rrega G054,41.6524972,1.149708333,41∞ 39' 08'',1∞ 08' 58'',1,1,,,,,1.038,1.179,,0.35
G055,23-03-21,Tuesday,BENZINERA,https://www.bonarea.com/benzinera/G055,"C/. BALLOBAR, 11",HUESCA,22004,E.S. bonArea Huesca G055,42.1282028,-0.416780555,42∞ 07' 41'',-0∞ 25' 00'',1,1,,1,,,1.046,1.186,,0.35
G056,23-03-21,Tuesday,BENZINERA,https://www.bonarea.com/benzinera/G056,Carrer de Can Gurri s/n,Parets del Valles,8150,E.S. bon¿rea Parets del Valles G056,41.56768,2.2439,41∞ 34' 03'',2∞ 14' 38'',1,1,,,,,1.035,1.176,,0.35
G058,23-03-21,Tuesday,BENZINERA,https://www.bonarea.com/benzinera/G058,"CR. N-340 KM. 1215,500",SANT CUGAT SESGARRIGUES,8798,E.S. bon¿rea S. Cugat Sesgarrigues G058,41.3557778,1.7426523,41∞ 21' 20'',1∞ 44' 33'',1,1,1,1,1,,1.035,1.176,,0.35
G059,23-03-21,Tuesday,BENZINERA,https://www.bonarea.com/benzinera/G059,"POLIG. IND. FRANCOLI, 4",TARRAGONA,43006,E.S. bonArea Tarragona G059,41.1140806,1.225230556,41∞ 06' 50'',1∞ 13' 30'',1,1,,1,,,1.037,1.178,,0.35
G060,23-03-21,Tuesday,BENZINERA,https://www.bonarea.com/benzinera/G060,"Avda. Goles de l'Ebre, 7",DELTEBRE,43006,E.S. bon¿rea Deltebre G060,40.7235083,0.724997222,40∞ 43' 24'',0∞ 43' 29'',1,1,,,,,1.041,1.182,,0.35
G061,23-03-21,Tuesday,BENZINERA,https://www.bonarea.com/benzinera/G061,POL.IND.VALLS CRTA.DEL PLA 180,VALLS,43800,E.S. bon¿rea Valls G061,41.3043059,1.262657982,41∞ 18' 15'',1∞ 15' 45'',1,1,1,1,,,1.037,1.178,,0.35
G062,23-03-21,Tuesday,BENZINERA,https://www.bonarea.com/benzinera/G062,"CR N-340, VALENCIA-BARCELONA, KM. 60,70",VILA-REAL,12540,E.S. bonArea Vila-real G062,39.949861,-0.085083,39∞ 56' 59'',-0∞ 05' 06'',1,1,,1,,,1.046,1.186,,0.35
G066,23-03-21,Tuesday,BENZINERA,https://www.bonarea.com/benzinera/G066,"CAMI DEL CORRAL DE DIAGO, 4",ONDA,12200,E.S. bon¿rea Onda G066,39.95504761,-0.202266902,39∞ 57' 18'',-0∞ 12' 08'',1,1,,,,,1.046,1.187,,0.35
G067,23-03-21,Tuesday,BENZINERA,https://www.bonarea.com/benzinera/G067,Carrer Fusteries 4-6,Cambrils,43850,E.S. bÚnArea Cambrils G067,41.078481,1.039547,41∞ 04' 42'',1∞ 02' 22'',1,1,,,,,1.038,1.179,,0.35
G071,23-03-21,Tuesday,BENZINERA,https://www.bonarea.com/benzinera/G071,"Cr. Zaragoza, PG 29, Parce 183 (LAS ERAS)",VILLANUEVA DE GALLEGO,50830,E.S. bon¿rea Villanueva de Gallego G071,41.7774306,-0.828447222,41∞ 46' 38'',-0∞ 49' 42'',1,1,,1,,,1.047,1.188,,0.35
N,23-03-21,Tuesday,BENZINERA,https://www.bonarea.com/benzinera/N,Ptda.Leseres Polig.4,ANGLESOLA,25320,E.S. bon¿rea Anglesola,41.657152,1.0792,41∞ 39' 25'',1∞ 04' 45'',,,,,,,1.038,,,
A,24-03-21,Wednesday,BENZINERA,https://www.bonarea.com/benzinera/A,"CR L-313 KM 14,5",GUISSONA,25210,E.S. bon¿rea Guissona A,41.78194,1.27805,41∞ 46' 54'',1∞ 16' 40'',1,1,1,1,1,1,1.038,1.179,1.217,
G002,24-03-21,Wednesday,BENZINERA,https://www.bonarea.com/benzinera/G002,POL. IND. EL SEGRE PARCELA 201,LLEIDA,25191,E.S. bon¿rea Lleida fabrica G002,41.615747,0.648654,41∞ 36' 56'',0∞ 38' 55'',,,,,,,1.04,,,0.35
G004,24-03-21,Wednesday,BENZINERA,https://www.bonarea.com/benzinera/G004,Crta. de Vic s/n,MOIA,8180,E.S. bon¿rea Moi‡ G004,41.8082127,2.0979496,41∞ 48' 29'',2∞ 05' 52'',,,,,,,1.037,1.178,,0.35
G005,24-03-21,Wednesday,BENZINERA,https://www.bonarea.com/benzinera/G005,"CTRA. DE MONTBLANC C-240,KM 69",VERDU,25340,E.S. bon¿rea Verd˙ G005,41.61,1.13,41∞ 36' 36'',1∞ 07' 48'',1,,,,,,1.038,1.179,,
G006,24-03-21,Wednesday,BENZINERA,https://www.bonarea.com/benzinera/G006,Crta de Pallargues s/n,LES PALLARGUES,25212,E.S. bon¿rea Pallargues G006,41.759728,1.197853,41∞ 45' 35'',1∞ 11' 52'',,,,,,,1.038,,,0.35
G010,24-03-21,Wednesday,BENZINERA,https://www.bonarea.com/benzinera/G010,"A VERGE DEL CLAUSTRE,32",GUISSONA,25210,E.S. bon¿rea Closa G010,41.78818,1.28653,41∞ 47' 17'',1∞ 17' 11'',,,,,,,1.038,,,0.35
G011,24-03-21,Wednesday,BENZINERA,https://www.bonarea.com/benzinera/G011,Crta.de Satago s/n,BUJARALOZ,50177,E.S. bon¿rea Bujaraloz G011,41.47596,-0.15314,41∞ 28' 33'',-0∞ 09' 11'',1,1,,,,,1.044,1.185,,0.35
G013,24-03-21,Wednesday,BENZINERA,https://www.bonarea.com/benzinera/G013,Cl/PONENT  S/N,PONTS,25740,E.S. bon¿rea Ponts G013,41.90676,1.19335,41∞ 54' 24'',1∞ 11' 36'',1,,,,,1,1.039,1.179,,0.35
G014,24-03-21,Wednesday,BENZINERA,https://www.bonarea.com/benzinera/G014,Pl.ind. El Segre parc 202,LLEIDA,25191,E.S. bon¿rea Lleida G014,41.615767,0.649495,41∞ 36' 56'',0∞ 38' 58'',1,1,,,,1,1.04,1.181,,
G015,24-03-21,Wednesday,BENZINERA,https://www.bonarea.com/benzinera/G015,Pol.Ind.Navesma / Avda.Generalitat 10,AGRAMUNT,25310,E.S. bon¿rea Agramunt G015,41.782403,1.104783,41∞ 46' 56'',1∞ 06' 17'',1,1,,,,1,1.038,1.179,,0.35
G016,24-03-21,Wednesday,BENZINERA,https://www.bonarea.com/benzinera/G016,Pol.Ind.Les Garriges Parcela 24,CALAF,8280,E.S. bon¿rea Calaf G016,41.73321,1.52683,41∞ 43' 59'',1∞ 31' 36'',1,1,,,,1,1.037,1.178,,0.35
G017,24-03-21,Wednesday,BENZINERA,https://www.bonarea.com/benzinera/G017,"Ctra N240 Km,71","BORGES BLANQUES, LES",25400,E.S. bon¿rea Borges G017,41.53298,0.84249,41∞ 31' 58'',0∞ 50' 32'',,1,,,,,1.04,1.181,,0.35
G018,24-03-21,Wednesday,BENZINERA,https://www.bonarea.com/benzinera/G018,Pol.Ind.Pont Cremat Parcela 2,ARBUCIES,17401,E.S. bon¿rea Arb˙cies G018,41.81048,2.531533,41∞ 48' 37'',2∞ 31' 53'',1,,,,,1,1.038,1.179,,
G019,24-03-21,Wednesday,BENZINERA,https://www.bonarea.com/benzinera/G019,Carretera LV-3003,TORA,25750,E.S. bon¿rea Tor‡ G019,41.807665,1.403707,41∞ 48' 27'',1∞ 24' 13'',1,1,,,,1,1.038,1.178,,0.35
G020,24-03-21,Wednesday,BENZINERA,https://www.bonarea.com/benzinera/G020,"Ctra C14 KM 82,6",PALAU DE NOGUERA,25633,E.S. bon¿rea Palau de Noguera G020,42.147299,0.89343,42∞ 08' 50'',0∞ 53' 36'',1,1,,,,1,1.042,1.182,,
G021,24-03-21,Wednesday,BENZINERA,https://www.bonarea.com/benzinera/G021,"Av Urgell, S/N",CERVERA,25200,E.S. bon¿rea Cervera G021,41.67326,1.263621,41∞ 40' 23'',1∞ 15' 49'',1,1,,,,1,1.038,1.178,,0.35
G022,24-03-21,Wednesday,BENZINERA,https://www.bonarea.com/benzinera/G022,"POLIGON INDUSTRIAL CAMPLLONG, C/ MISTRAL, 19",BALAGUER,25600,E.S. bon¿rea Balaguer G022,41.775252,0.818789,41∞ 46' 30'',0∞ 49' 07'',1,1,,,,,1.039,1.18,,0.35
G024,24-03-21,Wednesday,BENZINERA,https://www.bonarea.com/benzinera/G024,"Crta L800 Km 1,85",ALCARRAS,25180,E.S. bon¿rea Alcarr‡s G024,41.57762,0.51669,41∞ 34' 39'',0∞ 31' 00'',1,1,,1,,,1.041,1.182,,
G025,24-03-21,Wednesday,BENZINERA,https://www.bonarea.com/benzinera/G025,"Pg Industrial les Eres, Parcela 7","ESPLUGA DE FRANCOLI, L'",43440,E.S. bon¿rea Espluga de FrancolÌ G025,41.40298,1.10438,41∞ 24' 10'',1∞ 06' 15'',1,1,,1,,,1.038,1.179,,
G026,24-03-21,Wednesday,BENZINERA,https://www.bonarea.com/benzinera/G026,"C/MATARO,CANTONADA SOT DELS PRADALS",VIC,8500,E.S. bon¿rea Vic G026,41.93972,2.24909,41∞ 56' 22'',2∞ 14' 56'',1,,,1,,,1.038,1.179,,0.35
G027,24-03-21,Wednesday,BENZINERA,https://www.bonarea.com/benzinera/G027,Pol.Ind ELS SALACONS P A1/A4,SORT,25560,E.S. bon¿rea Sort G027,42.409381,1.130549,42∞ 24' 33'',1∞ 07' 49'',1,1,,,,1,1.043,1.184,,
G028,24-03-21,Wednesday,BENZINERA,https://www.bonarea.com/benzinera/G028,CRTA C-12 CRUILLA C-233,FLIX,43750,E.S. bon¿rea Flix G028,41.23952,0.55105,41∞ 14' 22'',0∞ 33' 03'',1,1,,1,,,1.042,1.183,,0.35
G029,24-03-21,Wednesday,BENZINERA,https://www.bonarea.com/benzinera/G029,"Pol.Id. Plans de Jort,c/Lleida,parcela 4",MONTBLANC,43400,E.S. bon¿rea Montblanc G029,41.386742,1.156869,41∞ 23' 12'',1∞ 09' 24'',1,,,1,,,1.038,1.179,,
G030,24-03-21,Wednesday,BENZINERA,https://www.bonarea.com/benzinera/G030,"PG Ind. Els Colomers, C/ Lleida, 35",GOLMES,25241,E.S. bon¿rea GolmÈs G030,41.63032,0.91403,41∞ 37' 49'',0∞ 54' 50'',1,1,,,,,1.039,1.18,,
G031,24-03-21,Wednesday,BENZINERA,https://www.bonarea.com/benzinera/G031,"Pg.Ind.Camins Nou,Parc.1",MORA D'EBRE,43740,E.S. bon¿rea MÛra d'Ebre G031,41.084624,0.626256,41∞ 05' 04'',0∞ 37' 34'',1,1,,1,,,1.041,1.182,,0.35
G032,24-03-21,Wednesday,BENZINERA,https://www.bonarea.com/benzinera/G032,Ctra N-240 Km 133,BINEFAR,22500,E.S. bon¿rea BinÈfar G032,41.85528,0.28294,41∞ 51' 19'',0∞ 16' 58'',1,1,,1,,,1.043,1.184,,0.35
G033,24-03-21,Wednesday,BENZINERA,https://www.bonarea.com/benzinera/G033,"Pol. Ind. de Torrefarrera,C/Marinada S/N",TORREFARRERA,25123,E.S. bon¿rea Torrefarrera G033,41.664056,0.604624,41∞ 39' 50'',0∞ 36' 16'',1,1,1,1,1,,1.04,1.181,1.219,0.35
G034,24-03-21,Wednesday,BENZINERA,https://www.bonarea.com/benzinera/G034,"POLIGONO INDUSTRIAL SUB 7 BIS,PARCELA 2",FRAGA,22520,E.S. bon¿rea Fraga G034,41.525054,0.367624,41∞ 31' 30'',0∞ 22' 03'',1,1,,,,,1.041,1.182,,0.35
G035,24-03-21,Wednesday,BENZINERA,https://www.bonarea.com/benzinera/G035,"C/EUGENIO DE USANDIZAGA,38",MONZON,22400,E.S. bon¿rea MonzÛn G035,41.918749,0.186993,41∞ 55' 07'',0∞ 11' 13'',1,1,,,,,1.043,1.184,,0.35
G036,24-03-21,Wednesday,BENZINERA,https://www.bonarea.com/benzinera/G036,"CRTA D'ARTESA A TREMP,KM 51",VILAMITJANA,25620,E.S. bon¿rea Vilamitjana G036,42.141187,0.929836,42∞ 08' 28'',0∞ 55' 47'',1,1,,,,,1.042,1.182,,0.35
G037,24-03-21,Wednesday,BENZINERA,https://www.bonarea.com/benzinera/G037,POL.IND. CAN TRIAS,VILADECAVALLS,8232,E.S. bon¿rea Viladecavalls G037,41.562567,1.979034,41∞ 33' 45'',1∞ 58' 44'',1,1,,,,,1.035,1.176,,0.35
G038,24-03-21,Wednesday,BENZINERA,https://www.bonarea.com/benzinera/G038,P. I. les Gavarreres Avda. Madrid 38-44,ODENA,8711,E.S. bon¿rea Odena G038,41.577437,1.656985,41∞ 34' 38'',1∞ 39' 25'',1,1,,1,1,,1.036,1.176,,0.35
G039,24-03-21,Wednesday,BENZINERA,https://www.bonarea.com/benzinera/G039,AVDA. DE LA RAPITA 226,AMPOSTA,43870,E.S. bon¿rea Amposta G039,40.698883,0.579255,40∞ 41' 55'',0∞ 34' 45'',1,1,,1,,,1.041,1.182,,0.35
G041,24-03-21,Wednesday,BENZINERA,https://www.bonarea.com/benzinera/G041,CL SOTA EL BARRI DE LA CREU SANT PERE,JORBA,8719,E.S. bon¿rea Jorba G041,41.602843,1.539901,41∞ 36' 10'',1∞ 32' 23'',1,1,1,1,1,,1.036,1.177,1.215,0.35
G042,24-03-21,Wednesday,BENZINERA,https://www.bonarea.com/benzinera/G042,"AV.BERTRAN GUEL,17",GAVA,8850,E.S. bon¿rea Gav‡ G042,41.299974,2.008942,41∞ 17' 59'',2∞ 00' 32'',1,1,,,,1,1.034,1.175,1.213,0.35
G043,24-03-21,Wednesday,BENZINERA,https://www.bonarea.com/benzinera/G043,"Ptda. Santa Ll˙cia, Parcela 1",SOLSONA,25280,E.S. bon¿rea Solsona G043,41.985462,1.550053,41∞ 59' 07'',1∞ 33' 00'',1,1,,1,1,,1.039,1.18,,0.35
G044,24-03-21,Wednesday,BENZINERA,https://www.bonarea.com/benzinera/G044,"Polig. Ind Les Tapies II, pacel. 6A","HOSPITALET DE L'INFANT, L'",43890,E.S. bon¿rea Hospitalet de l'Infant G044,41.007028,0.911,41∞ 00' 25'',0∞ 54' 39'',1,1,,,,,1.039,1.18,,0.35
G045,24-03-21,Wednesday,BENZINERA,https://www.bonarea.com/benzinera/G045,"CTRA DE RIUDOMS,KM 2,2",REUS,43206,E.S. bon¿rea Reus G045,41.145601,1.085197,41∞ 08' 44'',1∞ 05' 06'',1,1,1,,1,,1.038,1.179,,0.35
G046,24-03-21,Wednesday,BENZINERA,https://www.bonarea.com/benzinera/G046,Autovia A-2 KM. 311,ZARAGOZA,50010,E.S. bon¿rea Zaragoza G046,41.63273,-0.983963,41∞ 37' 57'',-0∞ 59' 02'',1,1,,,,,1.047,1.188,,0.35
G047,24-03-21,Wednesday,BENZINERA,https://www.bonarea.com/benzinera/G047,"Poligon Ind. La Pedrosa, pacel. 5",MASQUEFA,8783,E.S. bonArea Masquefa G047,41.499528,1.822028,41∞ 29' 58'',1∞ 49' 19'',1,1,,,,,1.035,1.176,,0.35
G048,24-03-21,Wednesday,BENZINERA,https://www.bonarea.com/benzinera/G048,Carretera del Mig 146,"HOSPITALET DE LLOBREGAT, L'",8907,E.S. bon¿rea L'Hospitalet de Llobregat G048,41.353884,2.103526,41∞ 21' 13'',2∞ 06' 12'',1,1,,,,,1.033,1.174,,0.35
G049,24-03-21,Wednesday,BENZINERA,https://www.bonarea.com/benzinera/G049,"Carrer Estiu, 18-20",BADALONA,8918,E.S. bon¿rea Badalona G049,41.430277,2.2273888,41∞ 25' 48'',2∞ 13' 38'',1,1,,1,,,1.034,1.174,,0.35
G051,24-03-21,Wednesday,BENZINERA,https://www.bonarea.com/benzinera/G051,CL. DINAMARCA S/N,UTEBO,50180,E.S. bon¿rea Utebo G051,41.710885,-1.019607,41∞ 42' 39'',-1∞ 01' 10'',1,1,,1,,,1.047,1.188,,0.35
G052,24-03-21,Wednesday,BENZINERA,https://www.bonarea.com/benzinera/G052,"CL. SALLENT, 50",MANRESA,8240,E.S. bon¿rea Manresa G052,41.737297,1.841842,41∞ 44' 14'',1∞ 50' 30'',1,1,,1,1,,1.036,1.177,,0.35
G053,24-03-21,Wednesday,BENZINERA,https://www.bonarea.com/benzinera/G053,"CARRETERA BV-2005 KM4,7",TORRELLES DE LLOBREGAT,8629,E.S. bon¿rea Torrelles G053,41.365572,1.98513,41∞ 21' 56'',1∞ 59' 06'',1,1,,,,,1.034,1.175,,0.35
G054,24-03-21,Wednesday,BENZINERA,https://www.bonarea.com/benzinera/G054,"Avda. Barcelona, 26",TARREGA,25300,E.S. bonArea T‡rrega G054,41.6524972,1.149708333,41∞ 39' 08'',1∞ 08' 58'',1,1,,,,,1.038,1.179,,0.35
G055,24-03-21,Wednesday,BENZINERA,https://www.bonarea.com/benzinera/G055,"C/. BALLOBAR, 11",HUESCA,22004,E.S. bonArea Huesca G055,42.1282028,-0.416780555,42∞ 07' 41'',-0∞ 25' 00'',1,1,,1,,,1.046,1.186,,0.35
G056,24-03-21,Wednesday,BENZINERA,https://www.bonarea.com/benzinera/G056,Carrer de Can Gurri s/n,Parets del Valles,8150,E.S. bon¿rea Parets del Valles G056,41.56768,2.2439,41∞ 34' 03'',2∞ 14' 38'',1,1,,,,,1.035,1.176,,0.35
G058,24-03-21,Wednesday,BENZINERA,https://www.bonarea.com/benzinera/G058,"CR. N-340 KM. 1215,500",SANT CUGAT SESGARRIGUES,8798,E.S. bon¿rea S. Cugat Sesgarrigues G058,41.3557778,1.7426523,41∞ 21' 20'',1∞ 44' 33'',1,1,1,1,1,,1.035,1.176,,0.35
G059,24-03-21,Wednesday,BENZINERA,https://www.bonarea.com/benzinera/G059,"POLIG. IND. FRANCOLI, 4",TARRAGONA,43006,E.S. bonArea Tarragona G059,41.1140806,1.225230556,41∞ 06' 50'',1∞ 13' 30'',1,1,,1,,,1.037,1.178,,0.35
G060,24-03-21,Wednesday,BENZINERA,https://www.bonarea.com/benzinera/G060,"Avda. Goles de l'Ebre, 7",DELTEBRE,43006,E.S. bon¿rea Deltebre G060,40.7235083,0.724997222,40∞ 43' 24'',0∞ 43' 29'',1,1,,,,,1.041,1.182,,0.35
G061,24-03-21,Wednesday,BENZINERA,https://www.bonarea.com/benzinera/G061,POL.IND.VALLS CRTA.DEL PLA 180,VALLS,43800,E.S. bon¿rea Valls G061,41.3043059,1.262657982,41∞ 18' 15'',1∞ 15' 45'',1,1,1,1,,,1.037,1.178,,0.35
G062,24-03-21,Wednesday,BENZINERA,https://www.bonarea.com/benzinera/G062,"CR N-340, VALENCIA-BARCELONA, KM. 60,70",VILA-REAL,12540,E.S. bonArea Vila-real G062,39.949861,-0.085083,39∞ 56' 59'',-0∞ 05' 06'',1,1,,1,,,1.046,1.186,,0.35
G066,24-03-21,Wednesday,BENZINERA,https://www.bonarea.com/benzinera/G066,"CAMI DEL CORRAL DE DIAGO, 4",ONDA,12200,E.S. bon¿rea Onda G066,39.95504761,-0.202266902,39∞ 57' 18'',-0∞ 12' 08'',1,1,,,,,1.046,1.187,,0.35
G067,24-03-21,Wednesday,BENZINERA,https://www.bonarea.com/benzinera/G067,Carrer Fusteries 4-6,Cambrils,43850,E.S. bÚnArea Cambrils G067,41.078481,1.039547,41∞ 04' 42'',1∞ 02' 22'',1,1,,,,,1.038,1.179,,0.35
G071,24-03-21,Wednesday,BENZINERA,https://www.bonarea.com/benzinera/G071,"Cr. Zaragoza, PG 29, Parce 183 (LAS ERAS)",VILLANUEVA DE GALLEGO,50830,E.S. bon¿rea Villanueva de Gallego G071,41.7774306,-0.828447222,41∞ 46' 38'',-0∞ 49' 42'',1,1,,1,,,1.047,1.188,,0.35
N,24-03-21,Wednesday,BENZINERA,https://www.bonarea.com/benzinera/N,Ptda.Leseres Polig.4,ANGLESOLA,25320,E.S. bon¿rea Anglesola,41.657152,1.0792,41∞ 39' 25'',1∞ 04' 45'',,,,,,,1.038,,,
A,25-03-21,Thursday,BENZINERA,https://www.bonarea.com/benzinera/A,"CR L-313 KM 14,5",GUISSONA,25210,E.S. bon¿rea Guissona A,41.78194,1.27805,41∞ 46' 54'',1∞ 16' 40'',1,1,1,1,1,1,1.038,1.179,1.217,
G002,25-03-21,Thursday,BENZINERA,https://www.bonarea.com/benzinera/G002,POL. IND. EL SEGRE PARCELA 201,LLEIDA,25191,E.S. bon¿rea Lleida fabrica G002,41.615747,0.648654,41∞ 36' 56'',0∞ 38' 55'',,,,,,,1.04,,,0.35
G004,25-03-21,Thursday,BENZINERA,https://www.bonarea.com/benzinera/G004,Crta. de Vic s/n,MOIA,8180,E.S. bon¿rea Moi‡ G004,41.8082127,2.0979496,41∞ 48' 29'',2∞ 05' 52'',,,,,,,1.037,1.178,,0.35
G005,25-03-21,Thursday,BENZINERA,https://www.bonarea.com/benzinera/G005,"CTRA. DE MONTBLANC C-240,KM 69",VERDU,25340,E.S. bon¿rea Verd˙ G005,41.61,1.13,41∞ 36' 36'',1∞ 07' 48'',1,,,,,,1.038,1.179,,
G006,25-03-21,Thursday,BENZINERA,https://www.bonarea.com/benzinera/G006,Crta de Pallargues s/n,LES PALLARGUES,25212,E.S. bon¿rea Pallargues G006,41.759728,1.197853,41∞ 45' 35'',1∞ 11' 52'',,,,,,,1.038,,,0.35
G010,25-03-21,Thursday,BENZINERA,https://www.bonarea.com/benzinera/G010,"A VERGE DEL CLAUSTRE,32",GUISSONA,25210,E.S. bon¿rea Closa G010,41.78818,1.28653,41∞ 47' 17'',1∞ 17' 11'',,,,,,,1.038,,,0.35
G011,25-03-21,Thursday,BENZINERA,https://www.bonarea.com/benzinera/G011,Crta.de Satago s/n,BUJARALOZ,50177,E.S. bon¿rea Bujaraloz G011,41.47596,-0.15314,41∞ 28' 33'',-0∞ 09' 11'',1,1,,,,,1.044,1.185,,0.35
G013,25-03-21,Thursday,BENZINERA,https://www.bonarea.com/benzinera/G013,Cl/PONENT  S/N,PONTS,25740,E.S. bon¿rea Ponts G013,41.90676,1.19335,41∞ 54' 24'',1∞ 11' 36'',1,,,,,1,1.039,1.179,,0.35
G014,25-03-21,Thursday,BENZINERA,https://www.bonarea.com/benzinera/G014,Pl.ind. El Segre parc 202,LLEIDA,25191,E.S. bon¿rea Lleida G014,41.615767,0.649495,41∞ 36' 56'',0∞ 38' 58'',1,1,,,,1,1.04,1.181,,
G015,25-03-21,Thursday,BENZINERA,https://www.bonarea.com/benzinera/G015,Pol.Ind.Navesma / Avda.Generalitat 10,AGRAMUNT,25310,E.S. bon¿rea Agramunt G015,41.782403,1.104783,41∞ 46' 56'',1∞ 06' 17'',1,1,,,,1,1.038,1.179,,0.35
G016,25-03-21,Thursday,BENZINERA,https://www.bonarea.com/benzinera/G016,Pol.Ind.Les Garriges Parcela 24,CALAF,8280,E.S. bon¿rea Calaf G016,41.73321,1.52683,41∞ 43' 59'',1∞ 31' 36'',1,1,,,,1,1.037,1.178,,0.35
G017,25-03-21,Thursday,BENZINERA,https://www.bonarea.com/benzinera/G017,"Ctra N240 Km,71","BORGES BLANQUES, LES",25400,E.S. bon¿rea Borges G017,41.53298,0.84249,41∞ 31' 58'',0∞ 50' 32'',,1,,,,,1.04,1.181,,0.35
G018,25-03-21,Thursday,BENZINERA,https://www.bonarea.com/benzinera/G018,Pol.Ind.Pont Cremat Parcela 2,ARBUCIES,17401,E.S. bon¿rea Arb˙cies G018,41.81048,2.531533,41∞ 48' 37'',2∞ 31' 53'',1,,,,,1,1.038,1.179,,
G019,25-03-21,Thursday,BENZINERA,https://www.bonarea.com/benzinera/G019,Carretera LV-3003,TORA,25750,E.S. bon¿rea Tor‡ G019,41.807665,1.403707,41∞ 48' 27'',1∞ 24' 13'',1,1,,,,1,1.038,1.178,,0.35
G020,25-03-21,Thursday,BENZINERA,https://www.bonarea.com/benzinera/G020,"Ctra C14 KM 82,6",PALAU DE NOGUERA,25633,E.S. bon¿rea Palau de Noguera G020,42.147299,0.89343,42∞ 08' 50'',0∞ 53' 36'',1,1,,,,1,1.042,1.182,,
G021,25-03-21,Thursday,BENZINERA,https://www.bonarea.com/benzinera/G021,"Av Urgell, S/N",CERVERA,25200,E.S. bon¿rea Cervera G021,41.67326,1.263621,41∞ 40' 23'',1∞ 15' 49'',1,1,,,,1,1.038,1.178,,0.35
G022,25-03-21,Thursday,BENZINERA,https://www.bonarea.com/benzinera/G022,"POLIGON INDUSTRIAL CAMPLLONG, C/ MISTRAL, 19",BALAGUER,25600,E.S. bon¿rea Balaguer G022,41.775252,0.818789,41∞ 46' 30'',0∞ 49' 07'',1,1,,,,,1.039,1.18,,0.35
G024,25-03-21,Thursday,BENZINERA,https://www.bonarea.com/benzinera/G024,"Crta L800 Km 1,85",ALCARRAS,25180,E.S. bon¿rea Alcarr‡s G024,41.57762,0.51669,41∞ 34' 39'',0∞ 31' 00'',1,1,,1,,,1.041,1.182,,
G025,25-03-21,Thursday,BENZINERA,https://www.bonarea.com/benzinera/G025,"Pg Industrial les Eres, Parcela 7","ESPLUGA DE FRANCOLI, L'",43440,E.S. bon¿rea Espluga de FrancolÌ G025,41.40298,1.10438,41∞ 24' 10'',1∞ 06' 15'',1,1,,1,,,1.038,1.179,,
G026,25-03-21,Thursday,BENZINERA,https://www.bonarea.com/benzinera/G026,"C/MATARO,CANTONADA SOT DELS PRADALS",VIC,8500,E.S. bon¿rea Vic G026,41.93972,2.24909,41∞ 56' 22'',2∞ 14' 56'',1,,,1,,,1.038,1.179,,0.35
G027,25-03-21,Thursday,BENZINERA,https://www.bonarea.com/benzinera/G027,Pol.Ind ELS SALACONS P A1/A4,SORT,25560,E.S. bon¿rea Sort G027,42.409381,1.130549,42∞ 24' 33'',1∞ 07' 49'',1,1,,,,1,1.043,1.184,,
G028,25-03-21,Thursday,BENZINERA,https://www.bonarea.com/benzinera/G028,CRTA C-12 CRUILLA C-233,FLIX,43750,E.S. bon¿rea Flix G028,41.23952,0.55105,41∞ 14' 22'',0∞ 33' 03'',1,1,,1,,,1.042,1.183,,0.35
G029,25-03-21,Thursday,BENZINERA,https://www.bonarea.com/benzinera/G029,"Pol.Id. Plans de Jort,c/Lleida,parcela 4",MONTBLANC,43400,E.S. bon¿rea Montblanc G029,41.386742,1.156869,41∞ 23' 12'',1∞ 09' 24'',1,,,1,,,1.038,1.179,,
G030,25-03-21,Thursday,BENZINERA,https://www.bonarea.com/benzinera/G030,"PG Ind. Els Colomers, C/ Lleida, 35",GOLMES,25241,E.S. bon¿rea GolmÈs G030,41.63032,0.91403,41∞ 37' 49'',0∞ 54' 50'',1,1,,,,,1.039,1.18,,
G031,25-03-21,Thursday,BENZINERA,https://www.bonarea.com/benzinera/G031,"Pg.Ind.Camins Nou,Parc.1",MORA D'EBRE,43740,E.S. bon¿rea MÛra d'Ebre G031,41.084624,0.626256,41∞ 05' 04'',0∞ 37' 34'',1,1,,1,,,1.041,1.182,,0.35
G032,25-03-21,Thursday,BENZINERA,https://www.bonarea.com/benzinera/G032,Ctra N-240 Km 133,BINEFAR,22500,E.S. bon¿rea BinÈfar G032,41.85528,0.28294,41∞ 51' 19'',0∞ 16' 58'',1,1,,1,,,1.043,1.184,,0.35
G033,25-03-21,Thursday,BENZINERA,https://www.bonarea.com/benzinera/G033,"Pol. Ind. de Torrefarrera,C/Marinada S/N",TORREFARRERA,25123,E.S. bon¿rea Torrefarrera G033,41.664056,0.604624,41∞ 39' 50'',0∞ 36' 16'',1,1,1,1,1,,1.04,1.181,1.219,0.35
G034,25-03-21,Thursday,BENZINERA,https://www.bonarea.com/benzinera/G034,"POLIGONO INDUSTRIAL SUB 7 BIS,PARCELA 2",FRAGA,22520,E.S. bon¿rea Fraga G034,41.525054,0.367624,41∞ 31' 30'',0∞ 22' 03'',1,1,,,,,1.041,1.182,,0.35
G035,25-03-21,Thursday,BENZINERA,https://www.bonarea.com/benzinera/G035,"C/EUGENIO DE USANDIZAGA,38",MONZON,22400,E.S. bon¿rea MonzÛn G035,41.918749,0.186993,41∞ 55' 07'',0∞ 11' 13'',1,1,,,,,1.043,1.184,,0.35
G036,25-03-21,Thursday,BENZINERA,https://www.bonarea.com/benzinera/G036,"CRTA D'ARTESA A TREMP,KM 51",VILAMITJANA,25620,E.S. bon¿rea Vilamitjana G036,42.141187,0.929836,42∞ 08' 28'',0∞ 55' 47'',1,1,,,,,1.042,1.182,,0.35
G037,25-03-21,Thursday,BENZINERA,https://www.bonarea.com/benzinera/G037,POL.IND. CAN TRIAS,VILADECAVALLS,8232,E.S. bon¿rea Viladecavalls G037,41.562567,1.979034,41∞ 33' 45'',1∞ 58' 44'',1,1,,,,,1.035,1.176,,0.35
G038,25-03-21,Thursday,BENZINERA,https://www.bonarea.com/benzinera/G038,P. I. les Gavarreres Avda. Madrid 38-44,ODENA,8711,E.S. bon¿rea Odena G038,41.577437,1.656985,41∞ 34' 38'',1∞ 39' 25'',1,1,,1,1,,1.036,1.176,,0.35
G039,25-03-21,Thursday,BENZINERA,https://www.bonarea.com/benzinera/G039,AVDA. DE LA RAPITA 226,AMPOSTA,43870,E.S. bon¿rea Amposta G039,40.698883,0.579255,40∞ 41' 55'',0∞ 34' 45'',1,1,,1,,,1.041,1.182,,0.35
G041,25-03-21,Thursday,BENZINERA,https://www.bonarea.com/benzinera/G041,CL SOTA EL BARRI DE LA CREU SANT PERE,JORBA,8719,E.S. bon¿rea Jorba G041,41.602843,1.539901,41∞ 36' 10'',1∞ 32' 23'',1,1,1,1,1,,1.036,1.177,1.215,0.35
G042,25-03-21,Thursday,BENZINERA,https://www.bonarea.com/benzinera/G042,"AV.BERTRAN GUEL,17",GAVA,8850,E.S. bon¿rea Gav‡ G042,41.299974,2.008942,41∞ 17' 59'',2∞ 00' 32'',1,1,,,,1,1.034,1.175,1.213,0.35
G043,25-03-21,Thursday,BENZINERA,https://www.bonarea.com/benzinera/G043,"Ptda. Santa Ll˙cia, Parcela 1",SOLSONA,25280,E.S. bon¿rea Solsona G043,41.985462,1.550053,41∞ 59' 07'',1∞ 33' 00'',1,1,,1,1,,1.039,1.18,,0.35
G044,25-03-21,Thursday,BENZINERA,https://www.bonarea.com/benzinera/G044,"Polig. Ind Les Tapies II, pacel. 6A","HOSPITALET DE L'INFANT, L'",43890,E.S. bon¿rea Hospitalet de l'Infant G044,41.007028,0.911,41∞ 00' 25'',0∞ 54' 39'',1,1,,,,,1.039,1.18,,0.35
G045,25-03-21,Thursday,BENZINERA,https://www.bonarea.com/benzinera/G045,"CTRA DE RIUDOMS,KM 2,2",REUS,43206,E.S. bon¿rea Reus G045,41.145601,1.085197,41∞ 08' 44'',1∞ 05' 06'',1,1,1,,1,,1.038,1.179,,0.35
G046,25-03-21,Thursday,BENZINERA,https://www.bonarea.com/benzinera/G046,Autovia A-2 KM. 311,ZARAGOZA,50010,E.S. bon¿rea Zaragoza G046,41.63273,-0.983963,41∞ 37' 57'',-0∞ 59' 02'',1,1,,,,,1.047,1.188,,0.35
G047,25-03-21,Thursday,BENZINERA,https://www.bonarea.com/benzinera/G047,"Poligon Ind. La Pedrosa, pacel. 5",MASQUEFA,8783,E.S. bonArea Masquefa G047,41.499528,1.822028,41∞ 29' 58'',1∞ 49' 19'',1,1,,,,,1.035,1.176,,0.35
G048,25-03-21,Thursday,BENZINERA,https://www.bonarea.com/benzinera/G048,Carretera del Mig 146,"HOSPITALET DE LLOBREGAT, L'",8907,E.S. bon¿rea L'Hospitalet de Llobregat G048,41.353884,2.103526,41∞ 21' 13'',2∞ 06' 12'',1,1,,,,,1.033,1.174,,0.35
G049,25-03-21,Thursday,BENZINERA,https://www.bonarea.com/benzinera/G049,"Carrer Estiu, 18-20",BADALONA,8918,E.S. bon¿rea Badalona G049,41.430277,2.2273888,41∞ 25' 48'',2∞ 13' 38'',1,1,,1,,,1.034,1.174,,0.35
G051,25-03-21,Thursday,BENZINERA,https://www.bonarea.com/benzinera/G051,CL. DINAMARCA S/N,UTEBO,50180,E.S. bon¿rea Utebo G051,41.710885,-1.019607,41∞ 42' 39'',-1∞ 01' 10'',1,1,,1,,,1.047,1.188,,0.35
G052,25-03-21,Thursday,BENZINERA,https://www.bonarea.com/benzinera/G052,"CL. SALLENT, 50",MANRESA,8240,E.S. bon¿rea Manresa G052,41.737297,1.841842,41∞ 44' 14'',1∞ 50' 30'',1,1,,1,1,,1.036,1.177,,0.35
G053,25-03-21,Thursday,BENZINERA,https://www.bonarea.com/benzinera/G053,"CARRETERA BV-2005 KM4,7",TORRELLES DE LLOBREGAT,8629,E.S. bon¿rea Torrelles G053,41.365572,1.98513,41∞ 21' 56'',1∞ 59' 06'',1,1,,,,,1.034,1.175,,0.35
G054,25-03-21,Thursday,BENZINERA,https://www.bonarea.com/benzinera/G054,"Avda. Barcelona, 26",TARREGA,25300,E.S. bonArea T‡rrega G054,41.6524972,1.149708333,41∞ 39' 08'',1∞ 08' 58'',1,1,,,,,1.038,1.179,,0.35
G055,25-03-21,Thursday,BENZINERA,https://www.bonarea.com/benzinera/G055,"C/. BALLOBAR, 11",HUESCA,22004,E.S. bonArea Huesca G055,42.1282028,-0.416780555,42∞ 07' 41'',-0∞ 25' 00'',1,1,,1,,,1.046,1.186,,0.35
G056,25-03-21,Thursday,BENZINERA,https://www.bonarea.com/benzinera/G056,Carrer de Can Gurri s/n,Parets del Valles,8150,E.S. bon¿rea Parets del Valles G056,41.56768,2.2439,41∞ 34' 03'',2∞ 14' 38'',1,1,,,,,1.035,1.176,,0.35
G058,25-03-21,Thursday,BENZINERA,https://www.bonarea.com/benzinera/G058,"CR. N-340 KM. 1215,500",SANT CUGAT SESGARRIGUES,8798,E.S. bon¿rea S. Cugat Sesgarrigues G058,41.3557778,1.7426523,41∞ 21' 20'',1∞ 44' 33'',1,1,1,1,1,,1.035,1.176,,0.35
G059,25-03-21,Thursday,BENZINERA,https://www.bonarea.com/benzinera/G059,"POLIG. IND. FRANCOLI, 4",TARRAGONA,43006,E.S. bonArea Tarragona G059,41.1140806,1.225230556,41∞ 06' 50'',1∞ 13' 30'',1,1,,1,,,1.037,1.178,,0.35
G060,25-03-21,Thursday,BENZINERA,https://www.bonarea.com/benzinera/G060,"Avda. Goles de l'Ebre, 7",DELTEBRE,43006,E.S. bon¿rea Deltebre G060,40.7235083,0.724997222,40∞ 43' 24'',0∞ 43' 29'',1,1,,,,,1.041,1.182,,0.35
G061,25-03-21,Thursday,BENZINERA,https://www.bonarea.com/benzinera/G061,POL.IND.VALLS CRTA.DEL PLA 180,VALLS,43800,E.S. bon¿rea Valls G061,41.3043059,1.262657982,41∞ 18' 15'',1∞ 15' 45'',1,1,1,1,,,1.037,1.178,,0.35
G062,25-03-21,Thursday,BENZINERA,https://www.bonarea.com/benzinera/G062,"CR N-340, VALENCIA-BARCELONA, KM. 60,70",VILA-REAL,12540,E.S. bonArea Vila-real G062,39.949861,-0.085083,39∞ 56' 59'',-0∞ 05' 06'',1,1,,1,,,1.046,1.186,,0.35
G066,25-03-21,Thursday,BENZINERA,https://www.bonarea.com/benzinera/G066,"CAMI DEL CORRAL DE DIAGO, 4",ONDA,12200,E.S. bon¿rea Onda G066,39.95504761,-0.202266902,39∞ 57' 18'',-0∞ 12' 08'',1,1,,,,,1.046,1.187,,0.35
G067,25-03-21,Thursday,BENZINERA,https://www.bonarea.com/benzinera/G067,Carrer Fusteries 4-6,Cambrils,43850,E.S. bÚnArea Cambrils G067,41.078481,1.039547,41∞ 04' 42'',1∞ 02' 22'',1,1,,,,,1.038,1.179,,0.35
G071,25-03-21,Thursday,BENZINERA,https://www.bonarea.com/benzinera/G071,"Cr. Zaragoza, PG 29, Parce 183 (LAS ERAS)",VILLANUEVA DE GALLEGO,50830,E.S. bon¿rea Villanueva de Gallego G071,41.7774306,-0.828447222,41∞ 46' 38'',-0∞ 49' 42'',1,1,,1,,,1.047,1.188,,0.35
N,25-03-21,Thursday,BENZINERA,https://www.bonarea.com/benzinera/N,Ptda.Leseres Polig.4,ANGLESOLA,25320,E.S. bon¿rea Anglesola,41.657152,1.0792,41∞ 39' 25'',1∞ 04' 45'',,,,,,,1.038,,,
A,26-03-21,Friday,BENZINERA,https://www.bonarea.com/benzinera/A,"CR L-313 KM 14,5",GUISSONA,25210,E.S. bon¿rea Guissona A,41.78194,1.27805,41∞ 46' 54'',1∞ 16' 40'',1,1,1,1,1,1,1.038,1.179,1.217,
G002,26-03-21,Friday,BENZINERA,https://www.bonarea.com/benzinera/G002,POL. IND. EL SEGRE PARCELA 201,LLEIDA,25191,E.S. bon¿rea Lleida fabrica G002,41.615747,0.648654,41∞ 36' 56'',0∞ 38' 55'',,,,,,,1.04,,,0.35
G004,26-03-21,Friday,BENZINERA,https://www.bonarea.com/benzinera/G004,Crta. de Vic s/n,MOIA,8180,E.S. bon¿rea Moi‡ G004,41.8082127,2.0979496,41∞ 48' 29'',2∞ 05' 52'',,,,,,,1.037,1.178,,0.35
G005,26-03-21,Friday,BENZINERA,https://www.bonarea.com/benzinera/G005,"CTRA. DE MONTBLANC C-240,KM 69",VERDU,25340,E.S. bon¿rea Verd˙ G005,41.61,1.13,41∞ 36' 36'',1∞ 07' 48'',1,,,,,,1.038,1.179,,
G006,26-03-21,Friday,BENZINERA,https://www.bonarea.com/benzinera/G006,Crta de Pallargues s/n,LES PALLARGUES,25212,E.S. bon¿rea Pallargues G006,41.759728,1.197853,41∞ 45' 35'',1∞ 11' 52'',,,,,,,1.038,,,0.35
G010,26-03-21,Friday,BENZINERA,https://www.bonarea.com/benzinera/G010,"A VERGE DEL CLAUSTRE,32",GUISSONA,25210,E.S. bon¿rea Closa G010,41.78818,1.28653,41∞ 47' 17'',1∞ 17' 11'',,,,,,,1.038,,,0.35
G011,26-03-21,Friday,BENZINERA,https://www.bonarea.com/benzinera/G011,Crta.de Satago s/n,BUJARALOZ,50177,E.S. bon¿rea Bujaraloz G011,41.47596,-0.15314,41∞ 28' 33'',-0∞ 09' 11'',1,1,,,,,1.044,1.185,,0.35
G013,26-03-21,Friday,BENZINERA,https://www.bonarea.com/benzinera/G013,Cl/PONENT  S/N,PONTS,25740,E.S. bon¿rea Ponts G013,41.90676,1.19335,41∞ 54' 24'',1∞ 11' 36'',1,,,,,1,1.039,1.179,,0.35
G014,26-03-21,Friday,BENZINERA,https://www.bonarea.com/benzinera/G014,Pl.ind. El Segre parc 202,LLEIDA,25191,E.S. bon¿rea Lleida G014,41.615767,0.649495,41∞ 36' 56'',0∞ 38' 58'',1,1,,,,1,1.04,1.181,,
G015,26-03-21,Friday,BENZINERA,https://www.bonarea.com/benzinera/G015,Pol.Ind.Navesma / Avda.Generalitat 10,AGRAMUNT,25310,E.S. bon¿rea Agramunt G015,41.782403,1.104783,41∞ 46' 56'',1∞ 06' 17'',1,1,,,,1,1.038,1.179,,0.35
G016,26-03-21,Friday,BENZINERA,https://www.bonarea.com/benzinera/G016,Pol.Ind.Les Garriges Parcela 24,CALAF,8280,E.S. bon¿rea Calaf G016,41.73321,1.52683,41∞ 43' 59'',1∞ 31' 36'',1,1,,,,1,1.037,1.178,,0.35
G017,26-03-21,Friday,BENZINERA,https://www.bonarea.com/benzinera/G017,"Ctra N240 Km,71","BORGES BLANQUES, LES",25400,E.S. bon¿rea Borges G017,41.53298,0.84249,41∞ 31' 58'',0∞ 50' 32'',,1,,,,,1.04,1.181,,0.35
G018,26-03-21,Friday,BENZINERA,https://www.bonarea.com/benzinera/G018,Pol.Ind.Pont Cremat Parcela 2,ARBUCIES,17401,E.S. bon¿rea Arb˙cies G018,41.81048,2.531533,41∞ 48' 37'',2∞ 31' 53'',1,,,,,1,1.038,1.179,,
G019,26-03-21,Friday,BENZINERA,https://www.bonarea.com/benzinera/G019,Carretera LV-3003,TORA,25750,E.S. bon¿rea Tor‡ G019,41.807665,1.403707,41∞ 48' 27'',1∞ 24' 13'',1,1,,,,1,1.038,1.178,,0.35
G020,26-03-21,Friday,BENZINERA,https://www.bonarea.com/benzinera/G020,"Ctra C14 KM 82,6",PALAU DE NOGUERA,25633,E.S. bon¿rea Palau de Noguera G020,42.147299,0.89343,42∞ 08' 50'',0∞ 53' 36'',1,1,,,,1,1.042,1.182,,
G021,26-03-21,Friday,BENZINERA,https://www.bonarea.com/benzinera/G021,"Av Urgell, S/N",CERVERA,25200,E.S. bon¿rea Cervera G021,41.67326,1.263621,41∞ 40' 23'',1∞ 15' 49'',1,1,,,,1,1.038,1.178,,0.35
G022,26-03-21,Friday,BENZINERA,https://www.bonarea.com/benzinera/G022,"POLIGON INDUSTRIAL CAMPLLONG, C/ MISTRAL, 19",BALAGUER,25600,E.S. bon¿rea Balaguer G022,41.775252,0.818789,41∞ 46' 30'',0∞ 49' 07'',1,1,,,,,1.039,1.18,,0.35
G024,26-03-21,Friday,BENZINERA,https://www.bonarea.com/benzinera/G024,"Crta L800 Km 1,85",ALCARRAS,25180,E.S. bon¿rea Alcarr‡s G024,41.57762,0.51669,41∞ 34' 39'',0∞ 31' 00'',1,1,,1,,,1.041,1.182,,
G025,26-03-21,Friday,BENZINERA,https://www.bonarea.com/benzinera/G025,"Pg Industrial les Eres, Parcela 7","ESPLUGA DE FRANCOLI, L'",43440,E.S. bon¿rea Espluga de FrancolÌ G025,41.40298,1.10438,41∞ 24' 10'',1∞ 06' 15'',1,1,,1,,,1.038,1.179,,
G026,26-03-21,Friday,BENZINERA,https://www.bonarea.com/benzinera/G026,"C/MATARO,CANTONADA SOT DELS PRADALS",VIC,8500,E.S. bon¿rea Vic G026,41.93972,2.24909,41∞ 56' 22'',2∞ 14' 56'',1,,,1,,,1.038,1.179,,0.35
G027,26-03-21,Friday,BENZINERA,https://www.bonarea.com/benzinera/G027,Pol.Ind ELS SALACONS P A1/A4,SORT,25560,E.S. bon¿rea Sort G027,42.409381,1.130549,42∞ 24' 33'',1∞ 07' 49'',1,1,,,,1,1.043,1.184,,
G028,26-03-21,Friday,BENZINERA,https://www.bonarea.com/benzinera/G028,CRTA C-12 CRUILLA C-233,FLIX,43750,E.S. bon¿rea Flix G028,41.23952,0.55105,41∞ 14' 22'',0∞ 33' 03'',1,1,,1,,,1.042,1.183,,0.35
G029,26-03-21,Friday,BENZINERA,https://www.bonarea.com/benzinera/G029,"Pol.Id. Plans de Jort,c/Lleida,parcela 4",MONTBLANC,43400,E.S. bon¿rea Montblanc G029,41.386742,1.156869,41∞ 23' 12'',1∞ 09' 24'',1,,,1,,,1.038,1.179,,
G030,26-03-21,Friday,BENZINERA,https://www.bonarea.com/benzinera/G030,"PG Ind. Els Colomers, C/ Lleida, 35",GOLMES,25241,E.S. bon¿rea GolmÈs G030,41.63032,0.91403,41∞ 37' 49'',0∞ 54' 50'',1,1,,,,,1.039,1.18,,
G031,26-03-21,Friday,BENZINERA,https://www.bonarea.com/benzinera/G031,"Pg.Ind.Camins Nou,Parc.1",MORA D'EBRE,43740,E.S. bon¿rea MÛra d'Ebre G031,41.084624,0.626256,41∞ 05' 04'',0∞ 37' 34'',1,1,,1,,,1.041,1.182,,0.35
G032,26-03-21,Friday,BENZINERA,https://www.bonarea.com/benzinera/G032,Ctra N-240 Km 133,BINEFAR,22500,E.S. bon¿rea BinÈfar G032,41.85528,0.28294,41∞ 51' 19'',0∞ 16' 58'',1,1,,1,,,1.043,1.184,,0.35
G033,26-03-21,Friday,BENZINERA,https://www.bonarea.com/benzinera/G033,"Pol. Ind. de Torrefarrera,C/Marinada S/N",TORREFARRERA,25123,E.S. bon¿rea Torrefarrera G033,41.664056,0.604624,41∞ 39' 50'',0∞ 36' 16'',1,1,1,1,1,,1.04,1.181,1.219,0.35
G034,26-03-21,Friday,BENZINERA,https://www.bonarea.com/benzinera/G034,"POLIGONO INDUSTRIAL SUB 7 BIS,PARCELA 2",FRAGA,22520,E.S. bon¿rea Fraga G034,41.525054,0.367624,41∞ 31' 30'',0∞ 22' 03'',1,1,,,,,1.041,1.182,,0.35
G035,26-03-21,Friday,BENZINERA,https://www.bonarea.com/benzinera/G035,"C/EUGENIO DE USANDIZAGA,38",MONZON,22400,E.S. bon¿rea MonzÛn G035,41.918749,0.186993,41∞ 55' 07'',0∞ 11' 13'',1,1,,,,,1.043,1.184,,0.35
G036,26-03-21,Friday,BENZINERA,https://www.bonarea.com/benzinera/G036,"CRTA D'ARTESA A TREMP,KM 51",VILAMITJANA,25620,E.S. bon¿rea Vilamitjana G036,42.141187,0.929836,42∞ 08' 28'',0∞ 55' 47'',1,1,,,,,1.042,1.182,,0.35
G037,26-03-21,Friday,BENZINERA,https://www.bonarea.com/benzinera/G037,POL.IND. CAN TRIAS,VILADECAVALLS,8232,E.S. bon¿rea Viladecavalls G037,41.562567,1.979034,41∞ 33' 45'',1∞ 58' 44'',1,1,,,,,1.035,1.176,,0.35
G038,26-03-21,Friday,BENZINERA,https://www.bonarea.com/benzinera/G038,P. I. les Gavarreres Avda. Madrid 38-44,ODENA,8711,E.S. bon¿rea Odena G038,41.577437,1.656985,41∞ 34' 38'',1∞ 39' 25'',1,1,,1,1,,1.036,1.176,,0.35
G039,26-03-21,Friday,BENZINERA,https://www.bonarea.com/benzinera/G039,AVDA. DE LA RAPITA 226,AMPOSTA,43870,E.S. bon¿rea Amposta G039,40.698883,0.579255,40∞ 41' 55'',0∞ 34' 45'',1,1,,1,,,1.041,1.182,,0.35
G041,26-03-21,Friday,BENZINERA,https://www.bonarea.com/benzinera/G041,CL SOTA EL BARRI DE LA CREU SANT PERE,JORBA,8719,E.S. bon¿rea Jorba G041,41.602843,1.539901,41∞ 36' 10'',1∞ 32' 23'',1,1,1,1,1,,1.036,1.177,1.215,0.35
G042,26-03-21,Friday,BENZINERA,https://www.bonarea.com/benzinera/G042,"AV.BERTRAN GUEL,17",GAVA,8850,E.S. bon¿rea Gav‡ G042,41.299974,2.008942,41∞ 17' 59'',2∞ 00' 32'',1,1,,,,1,1.034,1.175,1.213,0.35
G043,26-03-21,Friday,BENZINERA,https://www.bonarea.com/benzinera/G043,"Ptda. Santa Ll˙cia, Parcela 1",SOLSONA,25280,E.S. bon¿rea Solsona G043,41.985462,1.550053,41∞ 59' 07'',1∞ 33' 00'',1,1,,1,1,,1.039,1.18,,0.35
G044,26-03-21,Friday,BENZINERA,https://www.bonarea.com/benzinera/G044,"Polig. Ind Les Tapies II, pacel. 6A","HOSPITALET DE L'INFANT, L'",43890,E.S. bon¿rea Hospitalet de l'Infant G044,41.007028,0.911,41∞ 00' 25'',0∞ 54' 39'',1,1,,,,,1.039,1.18,,0.35
G045,26-03-21,Friday,BENZINERA,https://www.bonarea.com/benzinera/G045,"CTRA DE RIUDOMS,KM 2,2",REUS,43206,E.S. bon¿rea Reus G045,41.145601,1.085197,41∞ 08' 44'',1∞ 05' 06'',1,1,1,,1,,1.038,1.179,,0.35
G046,26-03-21,Friday,BENZINERA,https://www.bonarea.com/benzinera/G046,Autovia A-2 KM. 311,ZARAGOZA,50010,E.S. bon¿rea Zaragoza G046,41.63273,-0.983963,41∞ 37' 57'',-0∞ 59' 02'',1,1,,,,,1.047,1.188,,0.35
G047,26-03-21,Friday,BENZINERA,https://www.bonarea.com/benzinera/G047,"Poligon Ind. La Pedrosa, pacel. 5",MASQUEFA,8783,E.S. bonArea Masquefa G047,41.499528,1.822028,41∞ 29' 58'',1∞ 49' 19'',1,1,,,,,1.035,1.176,,0.35
G048,26-03-21,Friday,BENZINERA,https://www.bonarea.com/benzinera/G048,Carretera del Mig 146,"HOSPITALET DE LLOBREGAT, L'",8907,E.S. bon¿rea L'Hospitalet de Llobregat G048,41.353884,2.103526,41∞ 21' 13'',2∞ 06' 12'',1,1,,,,,1.033,1.174,,0.35
G049,26-03-21,Friday,BENZINERA,https://www.bonarea.com/benzinera/G049,"Carrer Estiu, 18-20",BADALONA,8918,E.S. bon¿rea Badalona G049,41.430277,2.2273888,41∞ 25' 48'',2∞ 13' 38'',1,1,,1,,,1.034,1.174,,0.35
G051,26-03-21,Friday,BENZINERA,https://www.bonarea.com/benzinera/G051,CL. DINAMARCA S/N,UTEBO,50180,E.S. bon¿rea Utebo G051,41.710885,-1.019607,41∞ 42' 39'',-1∞ 01' 10'',1,1,,1,,,1.047,1.188,,0.35
G052,26-03-21,Friday,BENZINERA,https://www.bonarea.com/benzinera/G052,"CL. SALLENT, 50",MANRESA,8240,E.S. bon¿rea Manresa G052,41.737297,1.841842,41∞ 44' 14'',1∞ 50' 30'',1,1,,1,1,,1.036,1.177,,0.35
G053,26-03-21,Friday,BENZINERA,https://www.bonarea.com/benzinera/G053,"CARRETERA BV-2005 KM4,7",TORRELLES DE LLOBREGAT,8629,E.S. bon¿rea Torrelles G053,41.365572,1.98513,41∞ 21' 56'',1∞ 59' 06'',1,1,,,,,1.034,1.175,,0.35
G054,26-03-21,Friday,BENZINERA,https://www.bonarea.com/benzinera/G054,"Avda. Barcelona, 26",TARREGA,25300,E.S. bonArea T‡rrega G054,41.6524972,1.149708333,41∞ 39' 08'',1∞ 08' 58'',1,1,,,,,1.038,1.179,,0.35
G055,26-03-21,Friday,BENZINERA,https://www.bonarea.com/benzinera/G055,"C/. BALLOBAR, 11",HUESCA,22004,E.S. bonArea Huesca G055,42.1282028,-0.416780555,42∞ 07' 41'',-0∞ 25' 00'',1,1,,1,,,1.046,1.186,,0.35
G056,26-03-21,Friday,BENZINERA,https://www.bonarea.com/benzinera/G056,Carrer de Can Gurri s/n,Parets del Valles,8150,E.S. bon¿rea Parets del Valles G056,41.56768,2.2439,41∞ 34' 03'',2∞ 14' 38'',1,1,,,,,1.035,1.176,,0.35
G058,26-03-21,Friday,BENZINERA,https://www.bonarea.com/benzinera/G058,"CR. N-340 KM. 1215,500",SANT CUGAT SESGARRIGUES,8798,E.S. bon¿rea S. Cugat Sesgarrigues G058,41.3557778,1.7426523,41∞ 21' 20'',1∞ 44' 33'',1,1,1,1,1,,1.035,1.176,,0.35
G059,26-03-21,Friday,BENZINERA,https://www.bonarea.com/benzinera/G059,"POLIG. IND. FRANCOLI, 4",TARRAGONA,43006,E.S. bonArea Tarragona G059,41.1140806,1.225230556,41∞ 06' 50'',1∞ 13' 30'',1,1,,1,,,1.037,1.178,,0.35
G060,26-03-21,Friday,BENZINERA,https://www.bonarea.com/benzinera/G060,"Avda. Goles de l'Ebre, 7",DELTEBRE,43006,E.S. bon¿rea Deltebre G060,40.7235083,0.724997222,40∞ 43' 24'',0∞ 43' 29'',1,1,,,,,1.041,1.182,,0.35
G061,26-03-21,Friday,BENZINERA,https://www.bonarea.com/benzinera/G061,POL.IND.VALLS CRTA.DEL PLA 180,VALLS,43800,E.S. bon¿rea Valls G061,41.3043059,1.262657982,41∞ 18' 15'',1∞ 15' 45'',1,1,1,1,,,1.037,1.178,,0.35
G062,26-03-21,Friday,BENZINERA,https://www.bonarea.com/benzinera/G062,"CR N-340, VALENCIA-BARCELONA, KM. 60,70",VILA-REAL,12540,E.S. bonArea Vila-real G062,39.949861,-0.085083,39∞ 56' 59'',-0∞ 05' 06'',1,1,,1,,,1.046,1.186,,0.35
G066,26-03-21,Friday,BENZINERA,https://www.bonarea.com/benzinera/G066,"CAMI DEL CORRAL DE DIAGO, 4",ONDA,12200,E.S. bon¿rea Onda G066,39.95504761,-0.202266902,39∞ 57' 18'',-0∞ 12' 08'',1,1,,,,,1.046,1.187,,0.35
G067,26-03-21,Friday,BENZINERA,https://www.bonarea.com/benzinera/G067,Carrer Fusteries 4-6,Cambrils,43850,E.S. bÚnArea Cambrils G067,41.078481,1.039547,41∞ 04' 42'',1∞ 02' 22'',1,1,,,,,1.038,1.179,,0.35
G071,26-03-21,Friday,BENZINERA,https://www.bonarea.com/benzinera/G071,"Cr. Zaragoza, PG 29, Parce 183 (LAS ERAS)",VILLANUEVA DE GALLEGO,50830,E.S. bon¿rea Villanueva de Gallego G071,41.7774306,-0.828447222,41∞ 46' 38'',-0∞ 49' 42'',1,1,,1,,,1.047,1.188,,0.35
N,26-03-21,Friday,BENZINERA,https://www.bonarea.com/benzinera/N,Ptda.Leseres Polig.4,ANGLESOLA,25320,E.S. bon¿rea Anglesola,41.657152,1.0792,41∞ 39' 25'',1∞ 04' 45'',,,,,,,1.038,,,
A,27-03-21,Saturday,BENZINERA,https://www.bonarea.com/benzinera/A,"CR L-313 KM 14,5",GUISSONA,25210,E.S. bon¿rea Guissona A,41.78194,1.27805,41∞ 46' 54'',1∞ 16' 40'',1,1,1,1,1,1,1.038,1.179,1.217,
G002,27-03-21,Saturday,BENZINERA,https://www.bonarea.com/benzinera/G002,POL. IND. EL SEGRE PARCELA 201,LLEIDA,25191,E.S. bon¿rea Lleida fabrica G002,41.615747,0.648654,41∞ 36' 56'',0∞ 38' 55'',,,,,,,1.04,,,0.35
G004,27-03-21,Saturday,BENZINERA,https://www.bonarea.com/benzinera/G004,Crta. de Vic s/n,MOIA,8180,E.S. bon¿rea Moi‡ G004,41.8082127,2.0979496,41∞ 48' 29'',2∞ 05' 52'',,,,,,,1.037,1.178,,0.35
G005,27-03-21,Saturday,BENZINERA,https://www.bonarea.com/benzinera/G005,"CTRA. DE MONTBLANC C-240,KM 69",VERDU,25340,E.S. bon¿rea Verd˙ G005,41.61,1.13,41∞ 36' 36'',1∞ 07' 48'',1,,,,,,1.038,1.179,,
G006,27-03-21,Saturday,BENZINERA,https://www.bonarea.com/benzinera/G006,Crta de Pallargues s/n,LES PALLARGUES,25212,E.S. bon¿rea Pallargues G006,41.759728,1.197853,41∞ 45' 35'',1∞ 11' 52'',,,,,,,1.038,,,0.35
G010,27-03-21,Saturday,BENZINERA,https://www.bonarea.com/benzinera/G010,"A VERGE DEL CLAUSTRE,32",GUISSONA,25210,E.S. bon¿rea Closa G010,41.78818,1.28653,41∞ 47' 17'',1∞ 17' 11'',,,,,,,1.038,,,0.35
G011,27-03-21,Saturday,BENZINERA,https://www.bonarea.com/benzinera/G011,Crta.de Satago s/n,BUJARALOZ,50177,E.S. bon¿rea Bujaraloz G011,41.47596,-0.15314,41∞ 28' 33'',-0∞ 09' 11'',1,1,,,,,1.044,1.185,,0.35
G013,27-03-21,Saturday,BENZINERA,https://www.bonarea.com/benzinera/G013,Cl/PONENT  S/N,PONTS,25740,E.S. bon¿rea Ponts G013,41.90676,1.19335,41∞ 54' 24'',1∞ 11' 36'',1,,,,,1,1.039,1.179,,0.35
G014,27-03-21,Saturday,BENZINERA,https://www.bonarea.com/benzinera/G014,Pl.ind. El Segre parc 202,LLEIDA,25191,E.S. bon¿rea Lleida G014,41.615767,0.649495,41∞ 36' 56'',0∞ 38' 58'',1,1,,,,1,1.04,1.181,,
G015,27-03-21,Saturday,BENZINERA,https://www.bonarea.com/benzinera/G015,Pol.Ind.Navesma / Avda.Generalitat 10,AGRAMUNT,25310,E.S. bon¿rea Agramunt G015,41.782403,1.104783,41∞ 46' 56'',1∞ 06' 17'',1,1,,,,1,1.038,1.179,,0.35
G016,27-03-21,Saturday,BENZINERA,https://www.bonarea.com/benzinera/G016,Pol.Ind.Les Garriges Parcela 24,CALAF,8280,E.S. bon¿rea Calaf G016,41.73321,1.52683,41∞ 43' 59'',1∞ 31' 36'',1,1,,,,1,1.037,1.178,,0.35
G017,27-03-21,Saturday,BENZINERA,https://www.bonarea.com/benzinera/G017,"Ctra N240 Km,71","BORGES BLANQUES, LES",25400,E.S. bon¿rea Borges G017,41.53298,0.84249,41∞ 31' 58'',0∞ 50' 32'',,1,,,,,1.04,1.181,,0.35
G018,27-03-21,Saturday,BENZINERA,https://www.bonarea.com/benzinera/G018,Pol.Ind.Pont Cremat Parcela 2,ARBUCIES,17401,E.S. bon¿rea Arb˙cies G018,41.81048,2.531533,41∞ 48' 37'',2∞ 31' 53'',1,,,,,1,1.038,1.179,,
G019,27-03-21,Saturday,BENZINERA,https://www.bonarea.com/benzinera/G019,Carretera LV-3003,TORA,25750,E.S. bon¿rea Tor‡ G019,41.807665,1.403707,41∞ 48' 27'',1∞ 24' 13'',1,1,,,,1,1.038,1.178,,0.35
G020,27-03-21,Saturday,BENZINERA,https://www.bonarea.com/benzinera/G020,"Ctra C14 KM 82,6",PALAU DE NOGUERA,25633,E.S. bon¿rea Palau de Noguera G020,42.147299,0.89343,42∞ 08' 50'',0∞ 53' 36'',1,1,,,,1,1.042,1.182,,
G021,27-03-21,Saturday,BENZINERA,https://www.bonarea.com/benzinera/G021,"Av Urgell, S/N",CERVERA,25200,E.S. bon¿rea Cervera G021,41.67326,1.263621,41∞ 40' 23'',1∞ 15' 49'',1,1,,,,1,1.038,1.178,,0.35
G022,27-03-21,Saturday,BENZINERA,https://www.bonarea.com/benzinera/G022,"POLIGON INDUSTRIAL CAMPLLONG, C/ MISTRAL, 19",BALAGUER,25600,E.S. bon¿rea Balaguer G022,41.775252,0.818789,41∞ 46' 30'',0∞ 49' 07'',1,1,,,,,1.039,1.18,,0.35
G024,27-03-21,Saturday,BENZINERA,https://www.bonarea.com/benzinera/G024,"Crta L800 Km 1,85",ALCARRAS,25180,E.S. bon¿rea Alcarr‡s G024,41.57762,0.51669,41∞ 34' 39'',0∞ 31' 00'',1,1,,1,,,1.041,1.182,,
G025,27-03-21,Saturday,BENZINERA,https://www.bonarea.com/benzinera/G025,"Pg Industrial les Eres, Parcela 7","ESPLUGA DE FRANCOLI, L'",43440,E.S. bon¿rea Espluga de FrancolÌ G025,41.40298,1.10438,41∞ 24' 10'',1∞ 06' 15'',1,1,,1,,,1.038,1.179,,
G026,27-03-21,Saturday,BENZINERA,https://www.bonarea.com/benzinera/G026,"C/MATARO,CANTONADA SOT DELS PRADALS",VIC,8500,E.S. bon¿rea Vic G026,41.93972,2.24909,41∞ 56' 22'',2∞ 14' 56'',1,,,1,,,1.038,1.179,,0.35
G027,27-03-21,Saturday,BENZINERA,https://www.bonarea.com/benzinera/G027,Pol.Ind ELS SALACONS P A1/A4,SORT,25560,E.S. bon¿rea Sort G027,42.409381,1.130549,42∞ 24' 33'',1∞ 07' 49'',1,1,,,,1,1.043,1.184,,
G028,27-03-21,Saturday,BENZINERA,https://www.bonarea.com/benzinera/G028,CRTA C-12 CRUILLA C-233,FLIX,43750,E.S. bon¿rea Flix G028,41.23952,0.55105,41∞ 14' 22'',0∞ 33' 03'',1,1,,1,,,1.042,1.183,,0.35
G029,27-03-21,Saturday,BENZINERA,https://www.bonarea.com/benzinera/G029,"Pol.Id. Plans de Jort,c/Lleida,parcela 4",MONTBLANC,43400,E.S. bon¿rea Montblanc G029,41.386742,1.156869,41∞ 23' 12'',1∞ 09' 24'',1,,,1,,,1.038,1.179,,
G030,27-03-21,Saturday,BENZINERA,https://www.bonarea.com/benzinera/G030,"PG Ind. Els Colomers, C/ Lleida, 35",GOLMES,25241,E.S. bon¿rea GolmÈs G030,41.63032,0.91403,41∞ 37' 49'',0∞ 54' 50'',1,1,,,,,1.039,1.18,,
G031,27-03-21,Saturday,BENZINERA,https://www.bonarea.com/benzinera/G031,"Pg.Ind.Camins Nou,Parc.1",MORA D'EBRE,43740,E.S. bon¿rea MÛra d'Ebre G031,41.084624,0.626256,41∞ 05' 04'',0∞ 37' 34'',1,1,,1,,,1.041,1.182,,0.35
G032,27-03-21,Saturday,BENZINERA,https://www.bonarea.com/benzinera/G032,Ctra N-240 Km 133,BINEFAR,22500,E.S. bon¿rea BinÈfar G032,41.85528,0.28294,41∞ 51' 19'',0∞ 16' 58'',1,1,,1,,,1.043,1.184,,0.35
G033,27-03-21,Saturday,BENZINERA,https://www.bonarea.com/benzinera/G033,"Pol. Ind. de Torrefarrera,C/Marinada S/N",TORREFARRERA,25123,E.S. bon¿rea Torrefarrera G033,41.664056,0.604624,41∞ 39' 50'',0∞ 36' 16'',1,1,1,1,1,,1.04,1.181,1.219,0.35
G034,27-03-21,Saturday,BENZINERA,https://www.bonarea.com/benzinera/G034,"POLIGONO INDUSTRIAL SUB 7 BIS,PARCELA 2",FRAGA,22520,E.S. bon¿rea Fraga G034,41.525054,0.367624,41∞ 31' 30'',0∞ 22' 03'',1,1,,,,,1.041,1.182,,0.35
G035,27-03-21,Saturday,BENZINERA,https://www.bonarea.com/benzinera/G035,"C/EUGENIO DE USANDIZAGA,38",MONZON,22400,E.S. bon¿rea MonzÛn G035,41.918749,0.186993,41∞ 55' 07'',0∞ 11' 13'',1,1,,,,,1.043,1.184,,0.35
G036,27-03-21,Saturday,BENZINERA,https://www.bonarea.com/benzinera/G036,"CRTA D'ARTESA A TREMP,KM 51",VILAMITJANA,25620,E.S. bon¿rea Vilamitjana G036,42.141187,0.929836,42∞ 08' 28'',0∞ 55' 47'',1,1,,,,,1.042,1.182,,0.35
G037,27-03-21,Saturday,BENZINERA,https://www.bonarea.com/benzinera/G037,POL.IND. CAN TRIAS,VILADECAVALLS,8232,E.S. bon¿rea Viladecavalls G037,41.562567,1.979034,41∞ 33' 45'',1∞ 58' 44'',1,1,,,,,1.035,1.176,,0.35
G038,27-03-21,Saturday,BENZINERA,https://www.bonarea.com/benzinera/G038,P. I. les Gavarreres Avda. Madrid 38-44,ODENA,8711,E.S. bon¿rea Odena G038,41.577437,1.656985,41∞ 34' 38'',1∞ 39' 25'',1,1,,1,1,,1.036,1.176,,0.35
G039,27-03-21,Saturday,BENZINERA,https://www.bonarea.com/benzinera/G039,AVDA. DE LA RAPITA 226,AMPOSTA,43870,E.S. bon¿rea Amposta G039,40.698883,0.579255,40∞ 41' 55'',0∞ 34' 45'',1,1,,1,,,1.041,1.182,,0.35
G041,27-03-21,Saturday,BENZINERA,https://www.bonarea.com/benzinera/G041,CL SOTA EL BARRI DE LA CREU SANT PERE,JORBA,8719,E.S. bon¿rea Jorba G041,41.602843,1.539901,41∞ 36' 10'',1∞ 32' 23'',1,1,1,1,1,,1.036,1.177,1.215,0.35
G042,27-03-21,Saturday,BENZINERA,https://www.bonarea.com/benzinera/G042,"AV.BERTRAN GUEL,17",GAVA,8850,E.S. bon¿rea Gav‡ G042,41.299974,2.008942,41∞ 17' 59'',2∞ 00' 32'',1,1,,,,1,1.034,1.175,1.213,0.35
G043,27-03-21,Saturday,BENZINERA,https://www.bonarea.com/benzinera/G043,"Ptda. Santa Ll˙cia, Parcela 1",SOLSONA,25280,E.S. bon¿rea Solsona G043,41.985462,1.550053,41∞ 59' 07'',1∞ 33' 00'',1,1,,1,1,,1.039,1.18,,0.35
G044,27-03-21,Saturday,BENZINERA,https://www.bonarea.com/benzinera/G044,"Polig. Ind Les Tapies II, pacel. 6A","HOSPITALET DE L'INFANT, L'",43890,E.S. bon¿rea Hospitalet de l'Infant G044,41.007028,0.911,41∞ 00' 25'',0∞ 54' 39'',1,1,,,,,1.039,1.18,,0.35
G045,27-03-21,Saturday,BENZINERA,https://www.bonarea.com/benzinera/G045,"CTRA DE RIUDOMS,KM 2,2",REUS,43206,E.S. bon¿rea Reus G045,41.145601,1.085197,41∞ 08' 44'',1∞ 05' 06'',1,1,1,,1,,1.038,1.179,,0.35
G046,27-03-21,Saturday,BENZINERA,https://www.bonarea.com/benzinera/G046,Autovia A-2 KM. 311,ZARAGOZA,50010,E.S. bon¿rea Zaragoza G046,41.63273,-0.983963,41∞ 37' 57'',-0∞ 59' 02'',1,1,,,,,1.047,1.188,,0.35
G047,27-03-21,Saturday,BENZINERA,https://www.bonarea.com/benzinera/G047,"Poligon Ind. La Pedrosa, pacel. 5",MASQUEFA,8783,E.S. bonArea Masquefa G047,41.499528,1.822028,41∞ 29' 58'',1∞ 49' 19'',1,1,,,,,1.035,1.176,,0.35
G048,27-03-21,Saturday,BENZINERA,https://www.bonarea.com/benzinera/G048,Carretera del Mig 146,"HOSPITALET DE LLOBREGAT, L'",8907,E.S. bon¿rea L'Hospitalet de Llobregat G048,41.353884,2.103526,41∞ 21' 13'',2∞ 06' 12'',1,1,,,,,1.033,1.174,,0.35
G049,27-03-21,Saturday,BENZINERA,https://www.bonarea.com/benzinera/G049,"Carrer Estiu, 18-20",BADALONA,8918,E.S. bon¿rea Badalona G049,41.430277,2.2273888,41∞ 25' 48'',2∞ 13' 38'',1,1,,1,,,1.034,1.174,,0.35
G051,27-03-21,Saturday,BENZINERA,https://www.bonarea.com/benzinera/G051,CL. DINAMARCA S/N,UTEBO,50180,E.S. bon¿rea Utebo G051,41.710885,-1.019607,41∞ 42' 39'',-1∞ 01' 10'',1,1,,1,,,1.047,1.188,,0.35
G052,27-03-21,Saturday,BENZINERA,https://www.bonarea.com/benzinera/G052,"CL. SALLENT, 50",MANRESA,8240,E.S. bon¿rea Manresa G052,41.737297,1.841842,41∞ 44' 14'',1∞ 50' 30'',1,1,,1,1,,1.036,1.177,,0.35
G053,27-03-21,Saturday,BENZINERA,https://www.bonarea.com/benzinera/G053,"CARRETERA BV-2005 KM4,7",TORRELLES DE LLOBREGAT,8629,E.S. bon¿rea Torrelles G053,41.365572,1.98513,41∞ 21' 56'',1∞ 59' 06'',1,1,,,,,1.034,1.175,,0.35
G054,27-03-21,Saturday,BENZINERA,https://www.bonarea.com/benzinera/G054,"Avda. Barcelona, 26",TARREGA,25300,E.S. bonArea T‡rrega G054,41.6524972,1.149708333,41∞ 39' 08'',1∞ 08' 58'',1,1,,,,,1.038,1.179,,0.35
G055,27-03-21,Saturday,BENZINERA,https://www.bonarea.com/benzinera/G055,"C/. BALLOBAR, 11",HUESCA,22004,E.S. bonArea Huesca G055,42.1282028,-0.416780555,42∞ 07' 41'',-0∞ 25' 00'',1,1,,1,,,1.046,1.186,,0.35
G056,27-03-21,Saturday,BENZINERA,https://www.bonarea.com/benzinera/G056,Carrer de Can Gurri s/n,Parets del Valles,8150,E.S. bon¿rea Parets del Valles G056,41.56768,2.2439,41∞ 34' 03'',2∞ 14' 38'',1,1,,,,,1.035,1.176,,0.35
G058,27-03-21,Saturday,BENZINERA,https://www.bonarea.com/benzinera/G058,"CR. N-340 KM. 1215,500",SANT CUGAT SESGARRIGUES,8798,E.S. bon¿rea S. Cugat Sesgarrigues G058,41.3557778,1.7426523,41∞ 21' 20'',1∞ 44' 33'',1,1,1,1,1,,1.035,1.176,,0.35
G059,27-03-21,Saturday,BENZINERA,https://www.bonarea.com/benzinera/G059,"POLIG. IND. FRANCOLI, 4",TARRAGONA,43006,E.S. bonArea Tarragona G059,41.1140806,1.225230556,41∞ 06' 50'',1∞ 13' 30'',1,1,,1,,,1.037,1.178,,0.35
G060,27-03-21,Saturday,BENZINERA,https://www.bonarea.com/benzinera/G060,"Avda. Goles de l'Ebre, 7",DELTEBRE,43006,E.S. bon¿rea Deltebre G060,40.7235083,0.724997222,40∞ 43' 24'',0∞ 43' 29'',1,1,,,,,1.041,1.182,,0.35
G061,27-03-21,Saturday,BENZINERA,https://www.bonarea.com/benzinera/G061,POL.IND.VALLS CRTA.DEL PLA 180,VALLS,43800,E.S. bon¿rea Valls G061,41.3043059,1.262657982,41∞ 18' 15'',1∞ 15' 45'',1,1,1,1,,,1.037,1.178,,0.35
G062,27-03-21,Saturday,BENZINERA,https://www.bonarea.com/benzinera/G062,"CR N-340, VALENCIA-BARCELONA, KM. 60,70",VILA-REAL,12540,E.S. bonArea Vila-real G062,39.949861,-0.085083,39∞ 56' 59'',-0∞ 05' 06'',1,1,,1,,,1.046,1.186,,0.35
G066,27-03-21,Saturday,BENZINERA,https://www.bonarea.com/benzinera/G066,"CAMI DEL CORRAL DE DIAGO, 4",ONDA,12200,E.S. bon¿rea Onda G066,39.95504761,-0.202266902,39∞ 57' 18'',-0∞ 12' 08'',1,1,,,,,1.046,1.187,,0.35
G067,27-03-21,Saturday,BENZINERA,https://www.bonarea.com/benzinera/G067,Carrer Fusteries 4-6,Cambrils,43850,E.S. bÚnArea Cambrils G067,41.078481,1.039547,41∞ 04' 42'',1∞ 02' 22'',1,1,,,,,1.038,1.179,,0.35
G071,27-03-21,Saturday,BENZINERA,https://www.bonarea.com/benzinera/G071,"Cr. Zaragoza, PG 29, Parce 183 (LAS ERAS)",VILLANUEVA DE GALLEGO,50830,E.S. bon¿rea Villanueva de Gallego G071,41.7774306,-0.828447222,41∞ 46' 38'',-0∞ 49' 42'',1,1,,1,,,1.047,1.188,,0.35
N,27-03-21,Saturday,BENZINERA,https://www.bonarea.com/benzinera/N,Ptda.Leseres Polig.4,ANGLESOLA,25320,E.S. bon¿rea Anglesola,41.657152,1.0792,41∞ 39' 25'',1∞ 04' 45'',,,,,,,1.038,,,
A,28-03-21,Sunday,BENZINERA,https://www.bonarea.com/benzinera/A,"CR L-313 KM 14,5",GUISSONA,25210,E.S. bon¿rea Guissona A,41.78194,1.27805,41∞ 46' 54'',1∞ 16' 40'',1,1,1,1,1,1,1.038,1.179,1.217,
G002,28-03-21,Sunday,BENZINERA,https://www.bonarea.com/benzinera/G002,POL. IND. EL SEGRE PARCELA 201,LLEIDA,25191,E.S. bon¿rea Lleida fabrica G002,41.615747,0.648654,41∞ 36' 56'',0∞ 38' 55'',,,,,,,1.04,,,0.35
G004,28-03-21,Sunday,BENZINERA,https://www.bonarea.com/benzinera/G004,Crta. de Vic s/n,MOIA,8180,E.S. bon¿rea Moi‡ G004,41.8082127,2.0979496,41∞ 48' 29'',2∞ 05' 52'',,,,,,,1.037,1.178,,0.35
G005,28-03-21,Sunday,BENZINERA,https://www.bonarea.com/benzinera/G005,"CTRA. DE MONTBLANC C-240,KM 69",VERDU,25340,E.S. bon¿rea Verd˙ G005,41.61,1.13,41∞ 36' 36'',1∞ 07' 48'',1,,,,,,1.038,1.179,,
G006,28-03-21,Sunday,BENZINERA,https://www.bonarea.com/benzinera/G006,Crta de Pallargues s/n,LES PALLARGUES,25212,E.S. bon¿rea Pallargues G006,41.759728,1.197853,41∞ 45' 35'',1∞ 11' 52'',,,,,,,1.038,,,0.35
G010,28-03-21,Sunday,BENZINERA,https://www.bonarea.com/benzinera/G010,"A VERGE DEL CLAUSTRE,32",GUISSONA,25210,E.S. bon¿rea Closa G010,41.78818,1.28653,41∞ 47' 17'',1∞ 17' 11'',,,,,,,1.038,,,0.35
G011,28-03-21,Sunday,BENZINERA,https://www.bonarea.com/benzinera/G011,Crta.de Satago s/n,BUJARALOZ,50177,E.S. bon¿rea Bujaraloz G011,41.47596,-0.15314,41∞ 28' 33'',-0∞ 09' 11'',1,1,,,,,1.044,1.185,,0.35
G013,28-03-21,Sunday,BENZINERA,https://www.bonarea.com/benzinera/G013,Cl/PONENT  S/N,PONTS,25740,E.S. bon¿rea Ponts G013,41.90676,1.19335,41∞ 54' 24'',1∞ 11' 36'',1,,,,,1,1.039,1.179,,0.35
G014,28-03-21,Sunday,BENZINERA,https://www.bonarea.com/benzinera/G014,Pl.ind. El Segre parc 202,LLEIDA,25191,E.S. bon¿rea Lleida G014,41.615767,0.649495,41∞ 36' 56'',0∞ 38' 58'',1,1,,,,1,1.04,1.181,,
G015,28-03-21,Sunday,BENZINERA,https://www.bonarea.com/benzinera/G015,Pol.Ind.Navesma / Avda.Generalitat 10,AGRAMUNT,25310,E.S. bon¿rea Agramunt G015,41.782403,1.104783,41∞ 46' 56'',1∞ 06' 17'',1,1,,,,1,1.038,1.179,,0.35
G016,28-03-21,Sunday,BENZINERA,https://www.bonarea.com/benzinera/G016,Pol.Ind.Les Garriges Parcela 24,CALAF,8280,E.S. bon¿rea Calaf G016,41.73321,1.52683,41∞ 43' 59'',1∞ 31' 36'',1,1,,,,1,1.037,1.178,,0.35
G017,28-03-21,Sunday,BENZINERA,https://www.bonarea.com/benzinera/G017,"Ctra N240 Km,71","BORGES BLANQUES, LES",25400,E.S. bon¿rea Borges G017,41.53298,0.84249,41∞ 31' 58'',0∞ 50' 32'',,1,,,,,1.04,1.181,,0.35
G018,28-03-21,Sunday,BENZINERA,https://www.bonarea.com/benzinera/G018,Pol.Ind.Pont Cremat Parcela 2,ARBUCIES,17401,E.S. bon¿rea Arb˙cies G018,41.81048,2.531533,41∞ 48' 37'',2∞ 31' 53'',1,,,,,1,1.038,1.179,,
G019,28-03-21,Sunday,BENZINERA,https://www.bonarea.com/benzinera/G019,Carretera LV-3003,TORA,25750,E.S. bon¿rea Tor‡ G019,41.807665,1.403707,41∞ 48' 27'',1∞ 24' 13'',1,1,,,,1,1.038,1.178,,0.35
G020,28-03-21,Sunday,BENZINERA,https://www.bonarea.com/benzinera/G020,"Ctra C14 KM 82,6",PALAU DE NOGUERA,25633,E.S. bon¿rea Palau de Noguera G020,42.147299,0.89343,42∞ 08' 50'',0∞ 53' 36'',1,1,,,,1,1.042,1.182,,
G021,28-03-21,Sunday,BENZINERA,https://www.bonarea.com/benzinera/G021,"Av Urgell, S/N",CERVERA,25200,E.S. bon¿rea Cervera G021,41.67326,1.263621,41∞ 40' 23'',1∞ 15' 49'',1,1,,,,1,1.038,1.178,,0.35
G022,28-03-21,Sunday,BENZINERA,https://www.bonarea.com/benzinera/G022,"POLIGON INDUSTRIAL CAMPLLONG, C/ MISTRAL, 19",BALAGUER,25600,E.S. bon¿rea Balaguer G022,41.775252,0.818789,41∞ 46' 30'',0∞ 49' 07'',1,1,,,,,1.039,1.18,,0.35
G024,28-03-21,Sunday,BENZINERA,https://www.bonarea.com/benzinera/G024,"Crta L800 Km 1,85",ALCARRAS,25180,E.S. bon¿rea Alcarr‡s G024,41.57762,0.51669,41∞ 34' 39'',0∞ 31' 00'',1,1,,1,,,1.041,1.182,,
G025,28-03-21,Sunday,BENZINERA,https://www.bonarea.com/benzinera/G025,"Pg Industrial les Eres, Parcela 7","ESPLUGA DE FRANCOLI, L'",43440,E.S. bon¿rea Espluga de FrancolÌ G025,41.40298,1.10438,41∞ 24' 10'',1∞ 06' 15'',1,1,,1,,,1.038,1.179,,
G026,28-03-21,Sunday,BENZINERA,https://www.bonarea.com/benzinera/G026,"C/MATARO,CANTONADA SOT DELS PRADALS",VIC,8500,E.S. bon¿rea Vic G026,41.93972,2.24909,41∞ 56' 22'',2∞ 14' 56'',1,,,1,,,1.038,1.179,,0.35
G027,28-03-21,Sunday,BENZINERA,https://www.bonarea.com/benzinera/G027,Pol.Ind ELS SALACONS P A1/A4,SORT,25560,E.S. bon¿rea Sort G027,42.409381,1.130549,42∞ 24' 33'',1∞ 07' 49'',1,1,,,,1,1.043,1.184,,
G028,28-03-21,Sunday,BENZINERA,https://www.bonarea.com/benzinera/G028,CRTA C-12 CRUILLA C-233,FLIX,43750,E.S. bon¿rea Flix G028,41.23952,0.55105,41∞ 14' 22'',0∞ 33' 03'',1,1,,1,,,1.042,1.183,,0.35
G029,28-03-21,Sunday,BENZINERA,https://www.bonarea.com/benzinera/G029,"Pol.Id. Plans de Jort,c/Lleida,parcela 4",MONTBLANC,43400,E.S. bon¿rea Montblanc G029,41.386742,1.156869,41∞ 23' 12'',1∞ 09' 24'',1,,,1,,,1.038,1.179,,
G030,28-03-21,Sunday,BENZINERA,https://www.bonarea.com/benzinera/G030,"PG Ind. Els Colomers, C/ Lleida, 35",GOLMES,25241,E.S. bon¿rea GolmÈs G030,41.63032,0.91403,41∞ 37' 49'',0∞ 54' 50'',1,1,,,,,1.039,1.18,,
G031,28-03-21,Sunday,BENZINERA,https://www.bonarea.com/benzinera/G031,"Pg.Ind.Camins Nou,Parc.1",MORA D'EBRE,43740,E.S. bon¿rea MÛra d'Ebre G031,41.084624,0.626256,41∞ 05' 04'',0∞ 37' 34'',1,1,,1,,,1.041,1.182,,0.35
G032,28-03-21,Sunday,BENZINERA,https://www.bonarea.com/benzinera/G032,Ctra N-240 Km 133,BINEFAR,22500,E.S. bon¿rea BinÈfar G032,41.85528,0.28294,41∞ 51' 19'',0∞ 16' 58'',1,1,,1,,,1.043,1.184,,0.35
G033,28-03-21,Sunday,BENZINERA,https://www.bonarea.com/benzinera/G033,"Pol. Ind. de Torrefarrera,C/Marinada S/N",TORREFARRERA,25123,E.S. bon¿rea Torrefarrera G033,41.664056,0.604624,41∞ 39' 50'',0∞ 36' 16'',1,1,1,1,1,,1.04,1.181,1.219,0.35
G034,28-03-21,Sunday,BENZINERA,https://www.bonarea.com/benzinera/G034,"POLIGONO INDUSTRIAL SUB 7 BIS,PARCELA 2",FRAGA,22520,E.S. bon¿rea Fraga G034,41.525054,0.367624,41∞ 31' 30'',0∞ 22' 03'',1,1,,,,,1.041,1.182,,0.35
G035,28-03-21,Sunday,BENZINERA,https://www.bonarea.com/benzinera/G035,"C/EUGENIO DE USANDIZAGA,38",MONZON,22400,E.S. bon¿rea MonzÛn G035,41.918749,0.186993,41∞ 55' 07'',0∞ 11' 13'',1,1,,,,,1.043,1.184,,0.35
G036,28-03-21,Sunday,BENZINERA,https://www.bonarea.com/benzinera/G036,"CRTA D'ARTESA A TREMP,KM 51",VILAMITJANA,25620,E.S. bon¿rea Vilamitjana G036,42.141187,0.929836,42∞ 08' 28'',0∞ 55' 47'',1,1,,,,,1.042,1.182,,0.35
G037,28-03-21,Sunday,BENZINERA,https://www.bonarea.com/benzinera/G037,POL.IND. CAN TRIAS,VILADECAVALLS,8232,E.S. bon¿rea Viladecavalls G037,41.562567,1.979034,41∞ 33' 45'',1∞ 58' 44'',1,1,,,,,1.035,1.176,,0.35
G038,28-03-21,Sunday,BENZINERA,https://www.bonarea.com/benzinera/G038,P. I. les Gavarreres Avda. Madrid 38-44,ODENA,8711,E.S. bon¿rea Odena G038,41.577437,1.656985,41∞ 34' 38'',1∞ 39' 25'',1,1,,1,1,,1.036,1.176,,0.35
G039,28-03-21,Sunday,BENZINERA,https://www.bonarea.com/benzinera/G039,AVDA. DE LA RAPITA 226,AMPOSTA,43870,E.S. bon¿rea Amposta G039,40.698883,0.579255,40∞ 41' 55'',0∞ 34' 45'',1,1,,1,,,1.041,1.182,,0.35
G041,28-03-21,Sunday,BENZINERA,https://www.bonarea.com/benzinera/G041,CL SOTA EL BARRI DE LA CREU SANT PERE,JORBA,8719,E.S. bon¿rea Jorba G041,41.602843,1.539901,41∞ 36' 10'',1∞ 32' 23'',1,1,1,1,1,,1.036,1.177,1.215,0.35
G042,28-03-21,Sunday,BENZINERA,https://www.bonarea.com/benzinera/G042,"AV.BERTRAN GUEL,17",GAVA,8850,E.S. bon¿rea Gav‡ G042,41.299974,2.008942,41∞ 17' 59'',2∞ 00' 32'',1,1,,,,1,1.034,1.175,1.213,0.35
G043,28-03-21,Sunday,BENZINERA,https://www.bonarea.com/benzinera/G043,"Ptda. Santa Ll˙cia, Parcela 1",SOLSONA,25280,E.S. bon¿rea Solsona G043,41.985462,1.550053,41∞ 59' 07'',1∞ 33' 00'',1,1,,1,1,,1.039,1.18,,0.35
G044,28-03-21,Sunday,BENZINERA,https://www.bonarea.com/benzinera/G044,"Polig. Ind Les Tapies II, pacel. 6A","HOSPITALET DE L'INFANT, L'",43890,E.S. bon¿rea Hospitalet de l'Infant G044,41.007028,0.911,41∞ 00' 25'',0∞ 54' 39'',1,1,,,,,1.039,1.18,,0.35
G045,28-03-21,Sunday,BENZINERA,https://www.bonarea.com/benzinera/G045,"CTRA DE RIUDOMS,KM 2,2",REUS,43206,E.S. bon¿rea Reus G045,41.145601,1.085197,41∞ 08' 44'',1∞ 05' 06'',1,1,1,,1,,1.038,1.179,,0.35
G046,28-03-21,Sunday,BENZINERA,https://www.bonarea.com/benzinera/G046,Autovia A-2 KM. 311,ZARAGOZA,50010,E.S. bon¿rea Zaragoza G046,41.63273,-0.983963,41∞ 37' 57'',-0∞ 59' 02'',1,1,,,,,1.047,1.188,,0.35
G047,28-03-21,Sunday,BENZINERA,https://www.bonarea.com/benzinera/G047,"Poligon Ind. La Pedrosa, pacel. 5",MASQUEFA,8783,E.S. bonArea Masquefa G047,41.499528,1.822028,41∞ 29' 58'',1∞ 49' 19'',1,1,,,,,1.035,1.176,,0.35
G048,28-03-21,Sunday,BENZINERA,https://www.bonarea.com/benzinera/G048,Carretera del Mig 146,"HOSPITALET DE LLOBREGAT, L'",8907,E.S. bon¿rea L'Hospitalet de Llobregat G048,41.353884,2.103526,41∞ 21' 13'',2∞ 06' 12'',1,1,,,,,1.033,1.174,,0.35
G049,28-03-21,Sunday,BENZINERA,https://www.bonarea.com/benzinera/G049,"Carrer Estiu, 18-20",BADALONA,8918,E.S. bon¿rea Badalona G049,41.430277,2.2273888,41∞ 25' 48'',2∞ 13' 38'',1,1,,1,,,1.034,1.174,,0.35
G051,28-03-21,Sunday,BENZINERA,https://www.bonarea.com/benzinera/G051,CL. DINAMARCA S/N,UTEBO,50180,E.S. bon¿rea Utebo G051,41.710885,-1.019607,41∞ 42' 39'',-1∞ 01' 10'',1,1,,1,,,1.047,1.188,,0.35
G052,28-03-21,Sunday,BENZINERA,https://www.bonarea.com/benzinera/G052,"CL. SALLENT, 50",MANRESA,8240,E.S. bon¿rea Manresa G052,41.737297,1.841842,41∞ 44' 14'',1∞ 50' 30'',1,1,,1,1,,1.036,1.177,,0.35
G053,28-03-21,Sunday,BENZINERA,https://www.bonarea.com/benzinera/G053,"CARRETERA BV-2005 KM4,7",TORRELLES DE LLOBREGAT,8629,E.S. bon¿rea Torrelles G053,41.365572,1.98513,41∞ 21' 56'',1∞ 59' 06'',1,1,,,,,1.034,1.175,,0.35
G054,28-03-21,Sunday,BENZINERA,https://www.bonarea.com/benzinera/G054,"Avda. Barcelona, 26",TARREGA,25300,E.S. bonArea T‡rrega G054,41.6524972,1.149708333,41∞ 39' 08'',1∞ 08' 58'',1,1,,,,,1.038,1.179,,0.35
G055,28-03-21,Sunday,BENZINERA,https://www.bonarea.com/benzinera/G055,"C/. BALLOBAR, 11",HUESCA,22004,E.S. bonArea Huesca G055,42.1282028,-0.416780555,42∞ 07' 41'',-0∞ 25' 00'',1,1,,1,,,1.046,1.186,,0.35
G056,28-03-21,Sunday,BENZINERA,https://www.bonarea.com/benzinera/G056,Carrer de Can Gurri s/n,Parets del Valles,8150,E.S. bon¿rea Parets del Valles G056,41.56768,2.2439,41∞ 34' 03'',2∞ 14' 38'',1,1,,,,,1.035,1.176,,0.35
G058,28-03-21,Sunday,BENZINERA,https://www.bonarea.com/benzinera/G058,"CR. N-340 KM. 1215,500",SANT CUGAT SESGARRIGUES,8798,E.S. bon¿rea S. Cugat Sesgarrigues G058,41.3557778,1.7426523,41∞ 21' 20'',1∞ 44' 33'',1,1,1,1,1,,1.035,1.176,,0.35
G059,28-03-21,Sunday,BENZINERA,https://www.bonarea.com/benzinera/G059,"POLIG. IND. FRANCOLI, 4",TARRAGONA,43006,E.S. bonArea Tarragona G059,41.1140806,1.225230556,41∞ 06' 50'',1∞ 13' 30'',1,1,,1,,,1.037,1.178,,0.35
G060,28-03-21,Sunday,BENZINERA,https://www.bonarea.com/benzinera/G060,"Avda. Goles de l'Ebre, 7",DELTEBRE,43006,E.S. bon¿rea Deltebre G060,40.7235083,0.724997222,40∞ 43' 24'',0∞ 43' 29'',1,1,,,,,1.041,1.182,,0.35
G061,28-03-21,Sunday,BENZINERA,https://www.bonarea.com/benzinera/G061,POL.IND.VALLS CRTA.DEL PLA 180,VALLS,43800,E.S. bon¿rea Valls G061,41.3043059,1.262657982,41∞ 18' 15'',1∞ 15' 45'',1,1,1,1,,,1.037,1.178,,0.35
G062,28-03-21,Sunday,BENZINERA,https://www.bonarea.com/benzinera/G062,"CR N-340, VALENCIA-BARCELONA, KM. 60,70",VILA-REAL,12540,E.S. bonArea Vila-real G062,39.949861,-0.085083,39∞ 56' 59'',-0∞ 05' 06'',1,1,,1,,,1.046,1.186,,0.35
G066,28-03-21,Sunday,BENZINERA,https://www.bonarea.com/benzinera/G066,"CAMI DEL CORRAL DE DIAGO, 4",ONDA,12200,E.S. bon¿rea Onda G066,39.95504761,-0.202266902,39∞ 57' 18'',-0∞ 12' 08'',1,1,,,,,1.046,1.187,,0.35
G067,28-03-21,Sunday,BENZINERA,https://www.bonarea.com/benzinera/G067,Carrer Fusteries 4-6,Cambrils,43850,E.S. bÚnArea Cambrils G067,41.078481,1.039547,41∞ 04' 42'',1∞ 02' 22'',1,1,,,,,1.038,1.179,,0.35
G071,28-03-21,Sunday,BENZINERA,https://www.bonarea.com/benzinera/G071,"Cr. Zaragoza, PG 29, Parce 183 (LAS ERAS)",VILLANUEVA DE GALLEGO,50830,E.S. bon¿rea Villanueva de Gallego G071,41.7774306,-0.828447222,41∞ 46' 38'',-0∞ 49' 42'',1,1,,1,,,1.047,1.188,,0.35
N,28-03-21,Sunday,BENZINERA,https://www.bonarea.com/benzinera/N,Ptda.Leseres Polig.4,ANGLESOLA,25320,E.S. bon¿rea Anglesola,41.657152,1.0792,41∞ 39' 25'',1∞ 04' 45'',,,,,,,1.038,,,
